oRX-scXUU0U,ok,14424
L1mi5ENCn98,ok,15395
Zf2p9c1qHjg,ok,11611
9aVNE3mJJBk,ok,13288
ZVM1OzsCRcc,ok,9626
c814DtTOGDg,ok,14093
KlIE5mjS2dM,ok,12791
2hVojBIp5Zc,ok,17273
a_sPocQnr4g,ok,3110
vcfpJWEqaTU,ok,14327
5UBYoh6J2e0,ok,11614
YDCycC3xVMA,ok,31813
ltdLO7sAzow,ok,13573
znf0QIW8KRE,ok,20291
udYfAMxK8GI,ok,17828
RMxnG64WuLc,ok,12953
4tOf-A3MaOE,ok,64027
A7acrZyX9VU,ok,15933
hQCwquA6O7E,ok,17158
eMRYIeDWZkQ,ok,15604
2IMvfIR1TPA,ok,68925
g9sIkD_FqLk,ok,9137
88u1mSNoFl4,ok,10502
kA7fE1T90Uc,ok,13303
FvAUfj6z2oE,ok,11900
r88nmkORXBg,ok,34708
5AV2OLWD1gc,ok,31402
wGBY2Gi6vWg,ok,7499
wEszUmPYSvU,ok,10100
2RA9A-IOlvo,ok,16928
O5sOQy66kic,ok,18723
EL5Atr1MP0I,ok,13907
jw23r-zI0dw,ok,11507
lbWlr8Ddzr0,ok,15016
F0xGlUENtU4,ok,12932
3ahSvIsvlXo,ok,10364
qImrunVUKus,ok,23262
iiypasQmXdw,ok,9130
rbLIgI5zddA,ok,21448
1Zsjn4SltGQ,ok,13085
ckj7lewBPAs,ok,14456
jvtFwwK2Zmo,ok,15179
hLn6LrlXgAE,ok,36776
8Rc8v_kOu1w,ok,7399
PHitAfGrmtY,ok,18668
j1lWQV40H_E,ok,13913
dVPqLvo_X9k,ok,9492
wq1ecBF4M8o,ok,13826
8SWCCRLg1p0,ok,66930
hrZJKJ9NGbk,ok,11829
atHr4cLbtI0,ok,12405
6P25hNn_H00,ok,47074
1g4FOzXvlpw,ok,14558
TV3rb-Tl_kM,ok,14622
T_EgRZO3IkM,ok,25996
TZkQiVOR5vc,ok,10471
9Q48uYDUPjg,ok,8551
B_6yuh7YY2g,ok,17307
cnoJ9DkWPVM,ok,16365
CVBv8tPpyxA,ok,11056
POMf8yNOhk4,ok,11348
5qB-2P8iQjI,ok,22409
aSTNRYUQZE8,ok,12821
qfReXP_lpQE,ok,13820
wSSOmCN1DZY,ok,10509
Lrg5pGOH6_c,ok,9815
6BgCNjfhLag,ok,25349
9osEhbytsF0,ok,31442
HrWHwpuz7E4,ok,23543
S1p2ht0UcpI,ok,20961
t793KtZcfyE,ok,16559
jZwBOwfSMhk,ok,12708
unYS8e-5JAw,ok,10206
3hmDWJfZ0_0,ok,28310
w9byEpm5IQE,ok,24008
Mt4bM0l13J0,ok,17986
tptW_GUZTTM,ok,14259
g5SkZVMPD6Q,ok,12100
NSIVY9rExmM,ok,13203
Yy53xTZ4zo0,ok,11471
hAipShFNYh0,ok,17061
nM2MxYk6Eo0,ok,12748
YRxry3l0aLE,ok,12929
grVwxjck5I8,ok,11283
FlkrnF04qgY,ok,21945
BGbnYupfTyk,ok,15840
qmj9lJDB5QU,ok,12770
WMuwB3mXwHQ,ok,12079
_MV6pw3WKh4,ok,15895
0VjBl1ZwQVU,ok,15277
trcKOZnoPPs,ok,19421
ZjkmBX7fgqI,ok,18381
2IpOnPGuD2o,ok,19014
JALBu5vI6tE,ok,15963
tORBGTNTOUo,ok,17221
KnpatDLAxjY,ok,18895
ZsrvXHcfc8s,ok,14445
3s9fnCvdWMo,ok,14888
WqLUp4QTCQY,ok,13397
3zGW52hzP6c,ok,18337
Ch8J7gwrrJg,ok,13324
3ovOiVIJ_aM,ok,27517
BiCYyGaTteE,ok,10895
xrRXxtRTiMA,ok,14006
5n24P_MtUEg,ok,14177
p5JkC4K8upc,ok,20171
K1Zvoes1SNQ,ok,12325
PPJLNKFS224,ok,11360
hxIw63KWMZI,ok,7935
NA90q8dBJkI,ok,8734
57G729mDHTs,ok,15995
AfxuHHa_sFY,ok,21403
5yS8i0-aMvI,ok,22322
HYK2eKkViJs,ok,29845
5Xbf_JuO-mE,ok,20548
gOi55ufRFDc,ok,9221
2DGfDknxTlg,ok,21927
Z5D8nhEtzOo,ok,8130
HGATds95-p4,ok,17465
eGai4gYuo0Y,ok,18039
RvwG_Dyfgms,ok,6461
GJd6CkCw-hQ,ok,20496
016ibIK58t0,ok,20322
plxlYGblHoA,ok,14322
WYB5jmTDBO4,ok,21278
RAJXknk-VI4,ok,21058
8h9Qk9W-9ik,ok,19925
hQtGnlLS4Yo,ok,19273
WImLVayOwRo,ok,10432
Vd3ztXAFRRo,ok,6966
tnazRI3e3WY,ok,12823
Uft2BuJpap8,ok,8186
91PIW03yuvg,ok,13685
-jSYkNsGwcc,ok,25609
ZKsNP11rU1Y,ok,12213
W91hDuTXxw8,ok,28879
0kC1DPUycE0,ok,12695
lneGXw0sxzo,ok,23262
cXp-i4wM4eQ,ok,13655
EbsPz8WfNAY,ok,13036
BNU-Xe9D59Y,ok,27548
BUJQPzYCtJ0,ok,12832
vKjnG1YKXfY,ok,18897
eYwFYoL6kDE,ok,13623
cgIghGaQtY4,ok,28958
tDb0WPsRZT4,ok,12551
pKHzgYSBCEc,ok,15003
E0u1KKDsQ5Q,ok,11014
_2Wplp-aNr4,ok,10970
2T3cZs-LSeY,ok,13976
oaHTe5lotSQ,ok,57502
dSiAML8v7Ng,ok,13048
Lin4WAwzPNY,ok,46977
jpPgEAAVMxY,ok,10581
0Uj8k9PlBhE,ok,12369
oHGXH8JnGS4,ok,11734
f-iUyIhc3NI,ok,12003
tR-tyjV1WQ0,ok,52466
IKwm-KdCqpg,ok,9284
O5eR2z1_DSc,ok,6424
iG3wkTqsRdU,ok,8371
xzwNfGm2OWY,ok,11716
DLhI6XtBSwc,ok,23452
oKlhUSSHe2Q,ok,76560
vRG7rEDDBXw,ok,10029
tMmGnVAVDSE,ok,14477
PcKxDURCjww,ok,15164
XDyZNlvvyzQ,ok,15313
TljZgneCPV4,ok,23600
QPOKQt70KAs,ok,15618
PjCOraTuBNw,ok,24329
9Q5y_PhZfig,ok,21281
K-Nf5ls9edA,ok,29153
LTTI4MCJVeQ,ok,16549
1gADIhkJ1Jw,ok,24805
v-D3N9UL9hI,ok,18857
3K7pbMtZzj8,ok,23211
bZjbsbpRwnE,ok,24247
te09kY-FTMc,ok,18262
bD7xAMdj4vg,ok,14102
1ZM1u762e8U,ok,13296
pxbEPQ51RzQ,ok,18241
H34--Upw0Do,ok,18208
PtrSd1I9Z50,ok,10983
udVzNg8FWvg,ok,7857
cWph88qKZ0w,ok,15349
GfbJUq8IHwE,ok,12015
ErNhmL7i6oI,ok,19016
B6YWrSY4E3U,ok,29282
FuDhJrtboDE,ok,30696
mk0qg2TKnJk,ok,5751
jqwMSYjRoIU,ok,20760
UGw2F3eIswU,ok,25627
-6gIqlVhxeI,ok,29040
Khxza62tZmc,ok,11134
Gc_6YvoFOuA,ok,14380
YB1Khg7D23k,ok,9925
HB1IbyuJ37s,ok,64065
a7ONxKojI4E,ok,24553
dOtgt3fHQf8,ok,8612
7MuijbbKkLA,ok,16316
ef4ncWKYBkM,ok,17571
czJxKq1GIsM,ok,9390
oB-LJHoVyqg,ok,19132
kxCAA21duKs,ok,16998
CdTm3CJ3tkY,ok,15043
mcCj0QJoqg4,ok,10359
VgYKWmod5TA,ok,9789
XM_sBC6u_L8,ok,11554
AY4XES-fL-g,ok,15535
6Yszkb7ZZoY,ok,124191
AuSHflRILjU,ok,17569
qtOdkPKiEgw,ok,32576
ivTadedOL7M,ok,23632
Zdr4n8RSOmQ,ok,26930
qgKH38psE2s,ok,26242
OWjjmR0VTdc,ok,17508
BlBUug5XNlI,ok,18006
0Zh105lq9Rk,ok,15286
q_ZliMvD8yc,ok,12652
YHPg5_HCRKU,ok,14225
7sqElDnklB8,ok,8301
0jZhavzGYJQ,ok,8875
ELoPES2rUeM,ok,19107
QT0cDA5k9IQ,ok,22846
Rk_4f_lO1mE,ok,13899
1stvZWKwSwk,ok,21486
jZ8tIoUDPlY,ok,37649
2QVGIGDjrM0,ok,21644
ZCn5huxksQQ,ok,12918
7e52n1veFwE,ok,28118
LE8YtxuwZRo,ok,32369
n5tWaS3u9Ks,ok,16108
ZRRCyIoZnHE,ok,22268
SUXNhTshjLA,ok,20562
Xy3SeJcUYew,ok,28077
moaFqSLnNQ4,ok,42906
AxDvV-Q0NM8,ok,12142
FXpltGCWfuY,ok,18675
SIW2sEdaQFA,ok,22915
78I0DsTmZOA,ok,30289
w97KlUrVDk0,ok,133482
vNm7txYf7HA,ok,28958
tJvPy0TEXCY,ok,10690
zXYKuEIBhsQ,ok,7785
STtOeOeip7s,ok,15986
5hMvCtmVFyQ,ok,11690
93GWZHDS974,ok,23221
4rhcLRzQJdg,ok,13473
b_yYtICYmXE,ok,17674
toPPxbAD0iY,ok,12982
SLpD6pVlpT8,ok,19753
vvXX2ycveuw,ok,38632
MEwW0PSDUmY,ok,18069
C2bb5mQ0wSs,ok,27322
JU6x5oNCc1A,ok,8027
Wlce2tMNDOI,ok,15261
IdMB7bYp_D4,ok,11016
_KyMhv3ACuc,ok,10621
_kR_bzxVEGQ,ok,16535
6Wwdpd62m2c,ok,20516
qdA8YfQCbU8,ok,17017
d-0NNb1XvhA,ok,25890
brtFX7HGt5I,ok,11401
BtezoKJQsRk,ok,17325
SoQT48tw7VI,ok,6047
r4fGR6Y52Zs,ok,14910
QmTfyp8m2-8,ok,24185
ELxwQ3r0JUs,ok,32398
eHwRAALDrNQ,ok,11600
OyhGtb86F8U,ok,17905
97ydughh3Dw,ok,10669
ZY_GJSl4nWk,ok,8678
9Rp6V0eMuew,ok,7155
2B0AunXf908,ok,18038
KohkZJx7iG8,ok,21789
ptcb6O_PWYA,ok,12105
uhJszOo4eTk,ok,7554
nohqMp6PXtc,ok,8131
FmzHex3IzW0,ok,6866
ntM09DJj15E,ok,24346
glDujVuXiiI,ok,11357
8evKaa5xhOQ,ok,12585
ROz7q2ZzZ3k,ok,17587
5pz-CSYpEGw,ok,11208
OcPYKZH9-fc,ok,8121
f7Wi_8VGtPs,ok,12592
WEg63zxZ42s,ok,12149
a_ogMnihcIU,ok,17708
N7o5FxlBT0I,ok,16881
nZfFe4EnWXw,ok,15239
fgA7-UKLfac,ok,9326
YKYQa0hxz0Q,ok,9661
0VhQKQwyd9A,ok,11389
-N7FApYrl5c,ok,19523
dEEisa2i7fA,ok,17986
MZ99FWF9xoE,ok,13301
_0YVEB5qsYk,ok,17755
hHdplVBpfNs,ok,11023
k2lxnmaNKYk,ok,18904
PbhLEGv4mlQ,ok,10796
Wy-1sNUVwhw,ok,20441
8UBQoGFF87c,ok,11920
5VrXkd7PsgQ,ok,13859
0yFYtidECwk,ok,10681
37Iod_kBzxw,ok,10835
cipbQ5yQKH0,ok,17231
2MdgpVCzPdo,ok,22944
pyDzzEq8tSU,ok,17995
unT7zASfboE,ok,13804
0JyLV9PNuQo,ok,23335
4f9q09peamY,ok,19206
J_PVXyzn70Q,ok,18015
k2X1iBTrEaI,ok,23183
aqTXoV923OE,ok,98735
W5zBRB9xTw0,ok,10664
1cI_qgeTH0g,ok,10900
6nagXyTwYyc,ok,14701
3UHvbiVDfCE,ok,26008
Wsq8zdtCcis,ok,77174
ZzQpcP_xWhw,ok,11552
RUuJzmz5jCg,ok,20177
jLqE2Im1RMs,ok,9569
L9gm7o8YUfg,ok,10804
qwD2Wja7ozs,ok,10678
Voixr-cPSIM,ok,15356
HM--b1tgoRk,ok,23413
0AcHTBTN35E,ok,26890
HTgPBJIKoHg,ok,16670
j0onK0lUd6k,ok,18852
Am2GCUHGzlg,ok,13687
ruX2lKZZBxU,ok,23710
Px1NjJkFLiA,ok,12086
n8aZGjWAgdE,ok,56543
fm0EADIbzTw,ok,15995
UijcGZiRcIU,ok,10759
NzAUaE17LQM,ok,10944
qWiIEIsDmXA,ok,10204
WDpEwP5VWls,ok,11114
_iqjmq9gZY8,ok,11157
WLsdtF78x3A,ok,26689
7yZFlDGteNk,ok,11648
hrHJ9t7suII,ok,13125
P2daMgjYKQw,ok,11264
v9MVwtipaus,ok,15118
3i_mqkeRw90,ok,12322
ioKblL9X3Z4,ok,19882
u60fSo3V3S4,ok,8844
_9za7jNDPQc,ok,56467
a8X5dYbH0uc,ok,13429
zT_d3AcwnfU,ok,12388
8OWvSvUhKUk,ok,12663
-_Y0pKMsU-Q,ok,16575
QHZYG5y6vWY,ok,43783
y-sFO1ouTX4,ok,67407
UCrVAPmNNfw,ok,37013
p2uUTz_StZQ,ok,14922
vnmiTC4PotU,ok,10370
OnPTodRZl7o,ok,15329
PPQoVB1ezmA,ok,23090
Z5pE9d-INZs,ok,25000
c2BktcTMxSk,ok,27823
SmSOboqGPgs,ok,55934
N3iqOuF8wQU,ok,42062
qvpL7q_rhPE,ok,13295
ILiinTn9uVc,ok,8453
R-9k2woq1mc,ok,28200
F5i5x2N6yXg,ok,14421
dayvEJKGBq0,ok,15661
8SpxSwgmOQc,ok,49882
t2QJH0SuDgc,ok,13231
3Hhy16ocdJU,ok,16919
ymaEx-mxmzI,ok,15199
JTCN6LzpaWk,ok,15423
LNDd7rf-9FU,ok,77193
DAnpW98ZCSg,ok,17953
VtbOrJ1HZNA,ok,24154
6B5BCDcD4r8,ok,74736
_Lq4Pk7ZHy4,ok,16011
yML8iDXE8wE,ok,48955
soXdxocQSq4,ok,15189
EW4nnpVS77E,ok,12066
OfWWNM6dSHk,ok,9053
7ByGVtAKiVQ,ok,36636
W-gkb2IoGq4,ok,37723
aYWnaq4Q38s,ok,14568
myUKta-wicQ,ok,69049
NaWaGcDfDJA,ok,30900
rKgcvpD8DfQ,ok,22451
dobNCfMuCeo,ok,12753
VIXarv986tY,ok,11922
8vWDuKdIyEE,ok,21834
eoNq8ypfLL0,ok,13974
m5zu_X-_51I,ok,118596
2d5-uBIAqS0,ok,19173
Y81kLGxwOQw,ok,14939
fgtjx0uLTCM,ok,11639
rY3rfH4bAnA,ok,15934
7q5XdKTf2Gg,ok,16998
_4Q0hlNFn-A,ok,59137
3MtSgk6rL_M,ok,15309
b45XpHOhZeg,ok,16787
xZPFCE8QIYY,ok,30893
Dwc7nQl8jeg,ok,26550
zgKVfGdGJWc,ok,20210
lgpcgyVPQ-g,ok,17455
ZORpKBTmRDQ,ok,19730
yc6g95agRZQ,ok,16792
ICbPz3iXbG0,ok,28463
M_MKvSXNTeg,ok,18067
ZjT_CsTKB80,ok,16761
nCEMIyuQynI,ok,10678
43k4XhO6Xww,ok,15327
leGr8SDS360,ok,10825
d3FcuUaOhSc,ok,35742
rZ_l7H1ZHlQ,ok,51084
HMNr7REdQxQ,ok,13163
DZacBthTxlU,ok,17996
ccpSoCKKcYg,ok,11538
4WXrIW5k-hc,ok,32471
AoEwlFnTBcg,ok,19868
qRAeHhK0RHA,ok,17644
SYiYw1Aixyk,ok,24217
tdjOKh5Jf9w,ok,22786
mi0QQp5pQko,ok,21533
C7QujP-a_Iw,ok,26383
DO_ERzi364s,ok,13215
c1o8Iv70K1M,ok,14981
UHpvJoHSUYE,ok,20918
AMtWpJ0I2vs,ok,22421
75QvcvUT_bI,ok,21917
ylWBJXPf8Ag,ok,25721
g0hdUYbc-_8,ok,22645
56YI2KRtXhI,ok,21033
Y676uHmmPIA,ok,13506
-EQaW8RNTx4,ok,32802
zNbQmiYghP0,ok,16344
15OIKIdePyk,ok,34053
8G4Ueaagfcg,ok,18084
RHV1IzfWTwU,ok,12565
ktuEYvVEm5I,ok,37233
-4UKF3i6KJ4,ok,21116
X0JwVCLRWDM,ok,25950
4sO-96vgD8I,ok,14653
FXLz1MHw2jQ,ok,11423
Q-7eBHjD1ks,ok,68291
tvAG8XLbjFs,ok,13149
wjIFTuprfOk,ok,38984
psFRTwawcsI,ok,30226
-6F9VOjh8r8,ok,17980
NbHCXWXXfVM,ok,14308
x_mvMeV6xlk,ok,23283
o_PayebHChU,ok,52678
zTMeTAbbtsM,ok,20695
EIULmW7UCq8,ok,33652
rgmohpay8Ms,ok,10634
My6K_W2e-pw,ok,21821
piaeQpBWNOs,ok,27305
ThSX2G92Ouk,ok,18827
Gb9MBVM5huY,ok,20637
TNwPpPo4uYM,ok,39310
IoI2MkRY5vA,ok,24337
WLv7F3qKKWk,ok,27437
OkXbn9u-0f0,ok,15372
KwNq51h-yKk,ok,46891
YknAsZ2m5ek,ok,12598
nOJu4dKNmu0,ok,55842
E-9X-Kn-8tc,ok,14006
dwhlXVmyoZY,ok,13970
Arc4I1hMe6s,ok,27396
FN-uqfbEVKw,ok,28295
ryOcGLJNOJU,ok,25032
iHmRTCIzhT0,ok,13868
obzJqhPICXo,ok,8869
-pDuDspO1F8,ok,31959
gpkRjfBDllM,ok,14126
1LmLcnKhdxM,ok,18583
l5s4xkBx-94,ok,12913
QSUBBhBxbvw,ok,28658
9hgpZMvCY08,ok,25239
yIolLniNkwg,ok,15069
axUswfSEXNM,ok,17545
z6H64HJBxZo,ok,12693
UCm6aiqOzQY,ok,13492
bZQ6ZKjGDko,ok,16814
RpveaXNraII,ok,42132
1-vitp1aUP0,ok,11958
k0EkTkKvFuk,ok,12972
iNfZ6RF4Vfw,ok,16831
Hxjla5IZYbA,ok,13325
L0pE6UxMObs,ok,14531
yCMAeEnPwEA,ok,38031
WSfbGzYuCxE,ok,40399
BQXMshmdweI,ok,11740
KKzZs18J9WE,ok,11473
t1a9BVn7S8w,ok,11459
0sFJ-EX_CSo,ok,15557
066RNcRX5gE,ok,17290
EaiVO6oxo-Y,ok,16504
M4rA_q7A1mE,ok,19908
tO3U1c83LrQ,ok,44599
pVMY5XSAoyM,ok,15869
ag5JoiOlUy4,ok,16726
NXZfJGL-LkQ,ok,15989
OCP5JMvRlPc,ok,16238
pchyNd3Es7I,ok,20368
v_IGWhLb2nk,ok,23416
LdLtyeZHbPU,ok,16967
IBlnjBmlu40,ok,20570
BUCPPCXOHbs,ok,101880
RIQhGqUMbcU,ok,21820
js25lIZMUSY,ok,115334
67gHIa4ii1A,ok,16828
_ASIY9nmluw,ok,22961
0aXxcq__0CA,ok,44346
FS6FM2Tl4QY,ok,17794
gQGPItxmNTc,ok,17473
oxob0x0Xz7s,ok,184950
bUAYYcgvvy8,ok,21275
-QNUzxqemHY,ok,14529
uqfG0LrTqPQ,ok,10220
nPL9Noz4V-s,ok,22581
3qKZmPXbsyI,ok,58057
N6UK6XX9FH4,ok,52801
-CqME4wlzVs,ok,55973
bIKK7PI4PvY,ok,14360
5aWoZdbXJrA,ok,54265
yqYefUbciv4,ok,28420
gCyBiJRcuBw,ok,17016
JJWzVukvjoo,ok,17937
NsZ6o2nYcp8,ok,15485
q2bFqtniOJw,ok,21757
XVbCVziTF7o,ok,17718
vPMyjSCgf58,ok,52964
zF3qoHnOPrI,ok,11717
7PVpVDHYF2E,ok,58662
sIt512Uwiz0,ok,7588
0BHY96-bkug,ok,12982
EMZXhMh6qOk,ok,10607
_ZpGYW8H1Jk,ok,17288
3THJ--ApogY,ok,91785
QImVdKeHSgQ,ok,8271
-v68CkXx4vI,ok,12900
IwDORxvXAAs,ok,59604
PU0R4UOGTEs,ok,14786
S0exak51iSU,ok,18500
rLhnVPrO2qE,ok,26636
OLdOfU01wHY,ok,55926
YH867FJIH9k,ok,17074
VHE_JGrrQD0,ok,15847
ocDxrUSE9nA,ok,59851
DHB2ks1Tlc4,ok,17289
SgKZcDWW83U,ok,16537
YHIQc7nQgX0,ok,14651
LZEBsgHn-OA,ok,46339
xpjUcwIC4hI,ok,12151
lvICEYE_gGI,ok,21355
M07xElrhVYM,ok,84306
pHrl4spRbkM,ok,24074
tbsEZlwYJdw,ok,12086
CRQc3sWkuoc,ok,18305
dtAnMp8siUY,ok,11810
kwINMGr1ty0,ok,18676
9BJV6gQMV2Y,ok,56207
Is9TTagKKjI,ok,55031
wqCGY7p98S0,ok,17193
dzF_3etbmh8,ok,17363
UU20rzqZ3Dk,ok,18253
B81TMhUpz50,ok,184558
MTbYDUswdbM,ok,10890
fbwC50iWd0k,ok,25217
myn7U6B1yLU,ok,55016
XfDV25LP_gQ,ok,17457
aAmmKTLbAts,ok,56541
IcVdPn8iYXg,ok,33745
YV3tEVotbSk,ok,28415
QI2Hw7cZu28,ok,16019
_8oMOk9BDBk,ok,22588
o9MvxdBiuSY,ok,55294
BFxR8s1KH0I,ok,20133
-JHxAjEB_5Q,ok,26528
gErRUfzHo6M,ok,19971
E0ItMBdIUA0,ok,27260
raLtDyjnIb4,ok,19035
IITOPIKYxdA,ok,16706
jU0PydsJaKc,ok,24841
XXhMxH5UUUM,ok,18586
ZdLyeMHo_Hs,ok,57110
-GQjrv7RjGQ,ok,20916
1fdJ1WzVNG4,ok,15850
Xp62LVgKVZw,ok,22599
pyCyXizxAmM,ok,21275
PtZGZvq34_w,ok,17058
xXxyegJV1d0,ok,16188
l7M03OXCIdA,ok,56085
WLfX5495lOg,ok,14484
nL0XYTSgZaw,ok,24081
g2lp_LiHcJ8,ok,24611
weEBSI6_nwM,ok,16672
p2QkIurkxGA,ok,20865
elDi2r71uTY,ok,42493
nywPcI0AoMQ,ok,54302
uvcMRf9bikc,ok,26797
oLbMKxUmpd0,ok,26884
dpfcRgMewew,ok,57803
sltGjJ-LHSc,ok,57882
g8cTiNePNXs,ok,23564
h0N5tuh0vxo,ok,27827
f2B1xKe9oVU,ok,55698
Yr6TU8wZD0s,ok,32811
jKPldkulC8w,ok,13197
jaDi0cFDrgs,ok,28679
aUrzAjUeOF0,ok,11556
9apJE735XS8,ok,15884
0CqsF8ijwL4,ok,24573
TW2hzeoN4Vk,ok,63271
qmx3VRbh4DM,ok,19596
zT_06vSnkLw,ok,19363
JO8OTDyYGVg,ok,26188
_SyaHuptigo,ok,24889
7vT6nAj9NE4,ok,22513
sZFW_6_DN3Q,ok,28071
A3sbJBOLGuI,ok,58181
L0Pr6A7xBDI,ok,16565
eope_PtCtWg,ok,18205
5MOKBECM_2w,ok,15203
GD08aYhdqLg,ok,28370
XcNx5YXpcMk,ok,12573
1JOg8wZoeBI,ok,55683
hCBtTVZUpm0,ok,15709
_DU2SFWei2c,ok,57772
ob26KLo7K-8,ok,29703
chPKJz8hn1U,ok,34344
jvC5GUHPl1I,ok,27739
78hoegLOy6k,ok,23651
X06w8QjrKX8,ok,57564
6lZGFNXOGXc,ok,16954
4syXgXshgsc,ok,55076
b3GtJGjUUz8,ok,17338
YiMItz4fgFk,ok,64739
fHBM7gJdSS8,ok,15523
AqoTStpfZZk,ok,19088
IlsQCdU9JO0,ok,26767
z8tfGxi892M,ok,23259
iIC62xnblLc,ok,59190
rE4y_UbaqM8,ok,23726
d1CRtDuUARQ,ok,58109
qcghtQLu1_M,ok,20512
rO_1Ygle4lU,ok,57350
HkCzaGuSJ1g,ok,28792
wF4J730MZr4,ok,55896
UFfy4WWM550,ok,28148
G4uTdr_zx1I,ok,57359
91HZdMBq-70,ok,28542
sOi1t-so9ks,ok,25434
hmV5y5Z32qY,ok,20604
m2_nCDJFKq8,ok,21745
ntSreygVtdI,ok,28244
EEHKrFXEZcM,ok,20313
PwliqaRhSW4,ok,16477
9bEZ6HmSsss,ok,16648
nMJKdxlOdDg,ok,23886
6ZqzDU-ivYM,ok,22427
4he_a2_2WK0,ok,23432
e5RK1-IzFQc,ok,40266
_RRClNoHamw,ok,55382
_9LmZgKnNkk,ok,15350
6w-7geIsq1A,ok,15733
K5C7bsMJ1yc,ok,27323
lkNRTWLroqY,ok,41099
hN2QQWhZ4S8,ok,25696
PjVivCcM1B0,ok,53218
rdXA_yUNRkY,ok,25609
E2SYZEF5AEs,ok,57184
nE5CoeYoNLs,ok,19012
jSmNnRImitk,ok,15750
SLMXOd13uqI,ok,55781
kd-Tb2RXaOI,ok,12710
6bQ-0gXqeiQ,ok,20929
mBT72-bFlPM,ok,27550
SCy6RrASpJY,ok,34583
72oA5YFll18,ok,27849
KqdlKPUU3eA,ok,45044
VSs11mUjdFg,ok,28903
Bqo2XGDZtVU,ok,56918
4cH6RtsjgbA,ok,34868
cWNbUsFGsmc,ok,28989
RLGDwe2m70E,ok,60700
dgIX95NQL88,ok,16639
R_JXYoJJ1Dc,ok,18950
wcNPwc7oMD0,ok,25710
WX0uYfgQjsk,ok,18330
PtFKChlL7wE,ok,55055
hD67JoPQ6EY,ok,24808
wC2Bbf6OMFQ,ok,52809
b_gRIL9RQVI,ok,34165
MiNV8UL18J4,ok,28442
w2owyBNunDQ,ok,57689
-Hj-t7Yfz0Q,ok,23092
OHe6_FpxO0g,ok,57059
2n2Jt0PEPss,ok,55813
5xKf0UTDln0,ok,33613
0LLArJinVeg,ok,22735
tQ1n-WYAoAg,ok,23424
dyTVmN6XsVs,ok,23746
x1dp-bivPsA,ok,23880
CZLpO0ERlnA,ok,22055
8Kl1Qs4iXkQ,ok,21824
6CVoQp2T_iA,ok,10628
W3jXQlgGbBc,ok,28477
mUaYVXL3NDU,ok,20370
qBfCXK_euDA,ok,18409
IlEr-oGT_T4,ok,14476
EHnIFKnJiXA,ok,53229
DP4ayEWhmvM,ok,55190
ORWJzImSTdE,ok,58713
p1W8Mjl4kWs,ok,55273
wmk-7MvVUuI,ok,12473
oL6lpftnqq0,ok,24460
yI_a4pJj_go,ok,27686
dvFK2bdU9PU,ok,11194
Ai6r6xjk8Uk,ok,26785
iAjXn6JqMbY,ok,28814
ZAwjAWD45Uw,ok,18454
MMwiCswgwHU,ok,24468
CSzDAEAoYqk,ok,25001
YrCgyhK_iPk,ok,20425
zl2zKIGfRt4,ok,22806
dmis2bRaNRw,ok,29379
GsWezWAoh2c,ok,16461
qAdtEZw0zW4,ok,9664
KCzsZg1sgno,ok,14396
RiQSxEr7S3Y,ok,29562
gvHCQVaZzRE,ok,28845
IqYXorgXN4o,ok,20513
m7pV69LTYDw,ok,47818
4w4NV0ccewA,ok,17669
8eVJkKWGpbA,ok,31631
Dn3n63MEBVw,ok,21999
o6lD2H3v9jk,ok,27811
iS5lvJGMM8E,ok,25811
JSTRdrdChvw,ok,27987
9nJCzOTorOc,ok,22826
Q84UHW2Owe4,ok,14578
RXPbvgNk2ok,ok,17769
mzeCuls6jv4,ok,26774
NOrW6WxQ8h4,ok,24960
FDKKILX_fKs,ok,45219
lJfwVkpR1gk,ok,10935
wUuA3E3VxdI,ok,16615
86xzLq-wj_c,ok,25584
RvuPNzvRog0,ok,11341
L16yPlr8jyM,ok,23980
g1Q54Eb5IL0,ok,22174
IchG7Bvh_fY,ok,54894
DTOB4idA3-w,ok,14801
QvJa2irVT5M,ok,26789
o2t7r1gVLRA,ok,11640
A7UstL60RGY,ok,10010
_pdkPhuTjuE,ok,56484
01jT0YKEzOU,ok,17327
5KbzQ7NorfA,ok,24183
bxYv2mw8t08,ok,10336
AiDOXX4DhVM,ok,25401
7I-_sXZ5TV8,ok,16499
aJfZK9qJ5CQ,ok,8168
dvetF0H3pNo,ok,49520
R_JYNbano_g,ok,15414
W5fJ0mNJ8c4,ok,28132
ORDolXGZFc8,ok,23397
_SWJ3sJl7OQ,ok,22720
yJQ7ZPbecus,ok,12370
U62OZywYwfU,ok,16259
hUhFuaxAsiw,ok,37388
ZsYveYScXEs,ok,11463
ZpiWEMTpvoo,ok,46134
DywXmtXsG1Q,ok,15715
GNUwWgPXUlk,ok,13383
jKXHmw_84Mo,ok,16721
QBXlHOCIl8U,ok,48768
5qdLErkzBoE,ok,26535
1Cc7G-iXLIk,ok,11021
ZcOuuNz19Os,ok,11105
fJcWMZ0YZGY,ok,31303
J28POUDhtI0,ok,14758
eb6S20er4nQ,ok,13305
NvuBX0K3k6k,ok,12614
mfGQr2tHoX0,ok,21817
lQ5MloXk6Dc,ok,24637
sAAClsnDAjk,ok,11425
zLtyR-xBBvs,ok,13485
BFH-0N8S-IA,ok,27380
nu11JFICsjQ,ok,11281
wBU5fNu_CXY,ok,13870
qmmSEnvyt5A,ok,20525
_h7zta_Wiic,ok,16372
XxL2evfhNUI,ok,16761
_ySdMLTNV7g,ok,13884
iwMNCcvr6vk,ok,12353
OQLfHuO8KlI,ok,48606
mQjxoUC1YfI,ok,14729
DgWn3egDGb0,ok,23660
FVcSvg6Pmmg,ok,19642
rxtocdgGQCs,ok,14781
4Pc_von1wS4,ok,45973
8lijLZt39sU,ok,25191
hgo6NadwRfI,ok,19865
yDL2mY9C1h8,ok,23748
VUka3Wa5nKY,ok,11794
SCo9lmcd2Ik,ok,22198
aCCBr4yMIA8,ok,9376
d0wt45LbvWo,ok,64624
riWXALg6sKY,ok,13736
hG1FhGcxlZY,ok,11345
8y9CxJM85BU,ok,16139
Oz3sOXkAb6s,ok,22362
VeTH4tPVu1Y,ok,13574
v6mU5NwKCcE,ok,17844
qMdY3jeY8A4,ok,13830
W6BnX1T3KZ0,ok,279794
zcLO_7a-v3U,ok,11944
hz7vhSIXXSc,ok,50145
VE8VDeEiv_g,ok,15587
CIHdWvQY17I,ok,12803
hLtPtEVBBBQ,ok,27982
bvy1pyzTrG4,ok,17326
yTA8Bw40yx8,ok,15300
9OVAzLDo8hs,ok,11619
_AP3pGNYFs0,ok,46340
9xskN7dEJ1o,ok,14338
16sLYFq_yO8,ok,9869
R2PqQzNa4Jw,ok,13164
SWPCn0ZDPU0,ok,24937
cZZFavk9VLY,ok,22163
vUvVP5Tjy-s,ok,18347
eTUYXkAr6Pc,ok,40462
LVs57ENOHic,ok,14964
tEN5eiIkQhQ,ok,15517
OcN3QlX8Ru0,ok,17169
t9G3SKzmuh4,ok,54354
-eIqu1odFUA,ok,23455
HQbPJWRHsv8,ok,16251
AXVF_dWEZTo,ok,23478
nfCqhdfyLKo,ok,47125
DtPeHPqv1tk,ok,24806
1FKu4LH0Xss,ok,34902
tU5QUdrcZZQ,ok,19842
IvDBBkxdtok,ok,25821
HYoQYCBW4sw,ok,51076
BduG8eVtaHY,ok,16492
LIDPRy6E3Kk,ok,28662
WQi0KvdLnwM,ok,54124
8oEdXqqJtyk,ok,20651
m755HH6DCnE,ok,18014
mgUoZPlGGas,ok,59230
dlkFemd4-wg,ok,9858
VEsp10hqDTw,ok,16151
XeSey4nSyh4,ok,55081
Bz03yDyxQQ8,ok,16647
RoAVk--vljU,ok,24642
uoig-Z6qtV0,ok,19304
3PsEx7wTnTk,ok,19456
GMRmMf-RsfE,ok,45847
RkKaOZeAJEs,ok,17105
SrYGENemM1w,ok,20675
HJle0XNzW2A,ok,22569
U_44SFN5QmU,ok,14712
uXAknwgojSw,ok,27048
LjYHpii-0k0,ok,15774
q5DRctM5C-Q,ok,40419
Hq3sZh5B_l8,ok,19754
s7kEHvd0TJk,ok,40647
_1A-EVqn-sI,ok,20549
YZ5nvP7DnQQ,ok,47765
gJ_pYyjKd_I,ok,21065
Gi9bAKGz2rk,ok,13258
aIqF9OvWYZ4,ok,20422
XDeTwVnpw-Q,ok,30230
hCbrsZ3n4ys,ok,34045
5JXh_yYnViM,ok,16259
sv6U1nAO8BI,ok,45444
kX1hblFmKu0,ok,18721
n42ElIsVnSQ,ok,14915
t-YQj5SHNgs,ok,32163
PXaQB6oS8_c,ok,9744
STTIJwdxDas,ok,9180
nxelwVBl0iA,ok,15003
gKhy5OyOI3s,ok,21979
8xvWZ1rAZsk,ok,12193
tyjDMduHgu4,ok,10508
wlH8zKZ8vXA,ok,51108
vv1GcYUDKxA,ok,25223
Wh1AypmnAEs,ok,13998
pYx756KSvR4,ok,38682
cTVcRje20A8,ok,14473
-5YOJ_1UndE,ok,14325
XD2VZ3jrWFE,ok,15376
8-q44YoDvio,ok,27510
Q1lzA13bQOw,ok,28374
_fsRWw0VbS4,ok,55144
nYKHmqO_wQs,ok,24181
qZIZmRFaw8Q,ok,17036
JfR5kIUtj18,ok,11975
NI2QSYgut-8,ok,35472
KWqdkBChcHM,ok,13650
3rEakODkiEg,ok,47087
LOQESeowo9A,ok,17317
18iNXIbMaBo,ok,11444
xT4pS0w98C8,ok,14932
6C2qBAW5Wfc,ok,14367
4pAFm4XwW2I,ok,11668
ynZTlwUSAww,ok,16232
jBx3POhTG6w,ok,36920
sBmuoS20OVQ,ok,20385
iq8X4jpqaMY,ok,21804
c_g6mVVm6yg,ok,12471
suvzWd5G_nM,ok,26997
SzkfPatPSxA,ok,19419
Gf791LDEsQI,ok,44328
5qu6YfbC7tM,ok,28921
SfkJNbFUg0c,ok,19644
Kc-yGy_TcjU,ok,15979
X2c2lqMNcQo,ok,21903
jF0PB6qhhDU,ok,17510
HY7i78bOJFA,ok,22852
2O1r_ICOnTI,ok,46726
m9SLBhnvMlw,ok,9267
seygYs5YE2U,ok,27512
ch3zw_VSAlg,ok,20569
n_2qyQUeFao,ok,12209
wx_h7XYFKL8,ok,10665
2kMgCjsmFzY,ok,40909
FOPPxm5QxZ4,ok,18010
_igBaitLGXY,ok,16464
NoXzM7G_bIo,ok,12680
JYA2rKTDCQ8,ok,19695
epgTaKZZZuo,ok,25712
95_4UxrC9y8,ok,15941
iBNcF_lPBIg,ok,52655
T2bp4MfioV8,ok,19294
4Qqh_RhNQZM,ok,22327
4t3GDiAXW18,ok,52910
MfTPA9nMeq8,ok,35448
3lwg3d1OM0I,ok,40737
VBMmUZL5EB4,ok,47697
fLzHro1Ayh0,ok,31709
nDMX11XmYF0,ok,20882
n1NwchiehfM,ok,25048
vtUXm5P-x1o,ok,22518
6OcrfE17AiI,ok,25786
SFWitKkdI6s,ok,29784
AFBil8cEs2I,ok,14893
qlhkAdaOg_Q,ok,42636
23QuhUqp8s4,ok,21157
sVxR0KB2-pU,ok,15728
OK9o3TIOyKU,ok,50042
ivuVYHlE_Ow,ok,13591
2C-z2F0tx24,ok,19857
xgnqOu_fchA,ok,54800
keWXimtafMA,ok,24649
UJ27bI-UiuY,ok,22086
QzBogJmcl-c,ok,54700
ul34Jfh-LOk,ok,51180
PEyIuRF0K1I,ok,2013
-qxkS9Y2zUU,ok,13278
ZtljL2kvh5I,ok,17526
FcYlxmlmgZU,ok,19199
QstdS67Iyv0,ok,51416
iokREPoP8IY,ok,16908
ECaU5GpvwcY,ok,10367
7Rt270TL4B8,ok,18854
anuxv488waA,ok,21074
If6IglbRpoo,ok,11767
H9BRF4xynQA,ok,20345
robQFOU18tM,ok,7451
MUknUsrV88k,ok,7388
S3vYOE9d6nU,ok,13992
_apOUvztB3k,ok,15673
xtrAEO5tMKk,ok,33113
KKoApu04ZF8,ok,25286
XqLj6VYzN5c,ok,28024
XNIwvCMS8h8,ok,5962
yKXtPgsTXCk,ok,8429
kaaV-R30k4U,ok,23256
XW7dwKm64s0,ok,19672
VPXDg0p6ZrY,ok,12313
GsTPr05KjrA,ok,15406
xttW93DDIaE,ok,19372
1xJebA6TH08,ok,20317
jmNpFSZVZH4,ok,16961
DJ9QEMbTdfA,ok,14661
wFJczmUCkME,ok,12287
Dr3PrDdxyZk,ok,7144
2dSoZEPYIHk,ok,2870
SDR2Z1qA80Y,ok,8687
XHphUa0UTPo,ok,22953
HMaTY5-x2N0,ok,22220
qPb8LF1k8vU,ok,17355
OLvNqb3-xnY,ok,24567
I7yTi5ZL1sM,ok,10072
ASOAEThrweM,ok,5696
32QhRORiqGk,ok,6061
DgV6r0yKyJw,ok,6164
cpLBSmweEFs,ok,12555
SmC8YygUp-I,ok,13589
JtauyATAtco,ok,8595
vc2uxhlb8f0,ok,10342
WBXNdbNAgkU,ok,5864
mY2sOPD2kFs,ok,3978
yjSIx1dTpY0,ok,911
N3E5eYS8d-I,ok,8646
y3USmdoXKt8,ok,11882
uLflb9pyllc,ok,17015
oK3SKG4-mvM,ok,18634
d4XKglomyy4,ok,8906
ceHrfm4QCvc,ok,3500
gA8r-ZoN49Q,ok,14894
J0A51m0ox80,ok,4756
NXklI0I7ctg,ok,3870
6RuYsdvSMnc,ok,12871
cGWZectAkx4,ok,17423
w2JxF7xWkKw,ok,6612
DvU8-zOuYiQ,ok,5337
dvC9VUhySZ8,ok,6683
5NmHy0KowXQ,ok,16213
uOU8TZWDhes,ok,20474
udv4YcR62dg,ok,9428
q01UCzI0KmI,ok,25372
58GaEN-QtsM,ok,5213
sPK41xMXNMs,ok,11319
yht8S-4TmZU,ok,7906
xyZ2UrYiUEw,ok,11319
AokoBbXw94U,ok,16648
de_oCSeuykk,ok,6258
AvrKAVKFSPE,ok,6174
WiWBYR7CYxQ,ok,26032
7CF4ou5VdeM,ok,27573
x9qrLMKk2X4,ok,13225
h7q5KSu9e_I,ok,7385
SDY6sk74914,ok,5909
UCmytyE_8CY,ok,3834
x8bvB4oceRI,ok,9485
eLtqBIynPv4,ok,31223
sZrAGqKRP5I,ok,4110
PecV56By5wc,ok,5442
FPTh7B7nRFo,ok,5488
1irp9_UhsHQ,ok,4768
LZLqRMp9nmg,ok,5366
X8tpTL4povQ,ok,18330
Ujn4DFcKuv0,ok,11763
I3FFdGMNe58,ok,10093
8vDAFSSfvfE,ok,4326
xah1L6_DGB8,ok,12994
C-RMRnonV_k,ok,4219
sQNhso4vBwE,ok,5693
yBiAZvwpVww,ok,7809
Pm1v95HwsdM,ok,12222
eATSDziHl0k,ok,10844
FvJecs9fCZ8,ok,15233
S2DOJbuucJ8,ok,5621
RyDj5PRmKw0,ok,10329
9greKFrOY94,ok,10681
Jq324a3TdQ4,ok,15365
8SNGk2kUaac,ok,7240
fn75LoItwW8,ok,11633
dGhN8uCaMIk,ok,37543
aMJ_fo_XGHM,ok,9773
wto1Rp4Dbx0,ok,9338
NWeH-uOyTyI,ok,11569
rcT9bt-M8es,ok,8686
NNYS3S29DFw,ok,11045
YBJD1e3CHnM,ok,55775
LuLk0BYEkhc,ok,5119
Q3Uz0K_-z0w,ok,8530
nm-rhysU96k,ok,10822
_D7Xx0pIyqA,ok,9689
p9b-g2IMyKU,ok,9882
XNVWFqGZb_8,ok,5303
mX514c97t48,ok,19139
zNVulDj5duM,ok,11208
l8F5gYW-Xno,ok,14213
YxNHLpA5giU,ok,6019
ja38PSWmzgg,ok,6634
m2LdX_CH7q0,ok,7582
ty03k-7DRWQ,ok,28918
BCQdPispWxc,ok,10584
0FGa16BBsY4,ok,9148
igErN32760Y,ok,11372
J3gdfAY1VqQ,ok,34306
lRMzse6y5l0,ok,8923
cVPMFa20qsQ,ok,16333
9VAKgj1Px3s,ok,9315
5K2Nq31eaDw,ok,26035
AN_k6b-Jm4Q,ok,15838
fNcEnM3C2SM,ok,5428
W_S9vxYthXw,ok,4637
Fe4BaF8gCOQ,ok,8043
dXkAH5iYuKc,ok,6849
diqX7r-r070,ok,9429
pGGSvhtAzPE,ok,25944
f4Jjx0mN_Qo,ok,19232
TPm9bXagsls,ok,4358
5b5sKwKIwGk,ok,6976
WbS9GD6hHww,ok,7856
GoDgI0Jqf18,no_transcript,0
WZNxsbmDIHU,ok,11102
hldE2SAcuRg,ok,8786
c8CURcYnOxw,ok,11835
zC9qmcvyG2k,ok,9248
DjRX_GJ7RBM,ok,8927
zvLPJpBkAqc,ok,10618
Ajb8PRT9E8I,ok,6067
JLnUrdBsUDM,ok,18781
vCtsqNNo0us,ok,5953
7Fplhv60HjA,ok,7925
Ca3B5HSPizM,ok,9958
zah2D5eLPLI,ok,29477
jQeuVIlbQ2A,ok,22772
gMdDGRBiwUA,ok,10573
d1lCzPMmYwY,ok,13984
Tqk4kiav-ko,ok,16348
OlJoBZIkutk,ok,24845
2tVDi79Kh54,ok,5036
VBNAc8f3m5g,ok,13557
_O0AEVPar7k,ok,20351
V9za4wt9ONo,ok,21016
1axXKjgCe84,ok,18237
seqhSkeoQLA,ok,17490
bnnEm_DKwXE,ok,25146
SpnidshD8Zk,ok,26610
ne75GMwzGD4,ok,15702
jBKB8t99Zkc,ok,13818
5r8xWfSeTZM,ok,6346
Dywu4s7U4Uw,ok,11210
eNpcnwPiEZg,ok,24082
dl1MtlsMoZw,ok,22211
RlGw7lQKnB8,ok,53628
vRhdKuXzD5I,ok,50320
VVf9I4N7Q-0,ok,14385
6zsV5yQh9vU,ok,14763
ZGap7kb14gI,ok,10117
c2mv_yPvRz8,ok,10845
SvvoZPU74q4,ok,15688
lfRsiN27POA,ok,25293
MccqT953ipQ,ok,8075
PTRgYer2-dg,ok,25022
7cV3o8_H-fg,ok,12272
jioz3TaM9ek,ok,12917
DDDiZZuCQVk,ok,11467
dvkiMWcVFr4,ok,11842
OiOVY1YpUMk,ok,12331
dxYXmybZvtE,ok,20820
994mJz6vdwY,ok,47821
w5sWeIXKQEM,ok,20914
_0wygrb5pPs,ok,79170
3wxXbMf7y6E,ok,17916
8tWfGtLc3-8,ok,46577
xn_Nxa_0JBU,ok,15333
nH-z-089CgM,ok,27132
7wJgiYWiR0E,ok,20307
yg5E_mqGFGg,ok,21321
oFFb98BxlnU,ok,9330
2g-OXdh_af4,ok,24519
D6-HyQoJBcY,ok,1075
q1wEjNJmtmg,ok,24995
_aUCI69tZic,ok,13116
oGCIYMqRyhI,ok,15955
HmRCt7xr5Zs,ok,14679
F-OK6ZyRZl4,ok,16470
GLMFxfgPrdM,ok,12107
pSTHR41o6_k,ok,15052
r0dFhmgJLZw,ok,16673
mAvrCMiEN0I,ok,13460
bBr3Z_esU74,ok,16393
soiBzmdxcD4,ok,12633
02GTyuhoGFE,ok,11525
mjfznxl4HxQ,ok,20407
hAoBMQ871do,ok,9885
xfIJC2gntPE,ok,12274
N3BJBQ9ttLQ,ok,10728
9iowl419L4s,ok,15822
imFzw2mK3ic,ok,8405
Bs0PFAZHtRk,ok,8682
24AY_sO_F9E,ok,7596
uJy9XIJq1cQ,ok,13724
a5IuVsg44jQ,ok,8331
d9mDpbN4zFI,ok,6917
rvCS_mAqmek,ok,10749
OgfJoChCx2M,ok,20157
fKbgTvUkmco,ok,11797
HV_33PMDKrM,ok,8999
29pGVnrhOmc,ok,12087
4jes2_N3m2I,ok,13349
Gg05Uj7vjks,ok,7532
oWeCrBYBrG8,ok,21556
IHeJROuEzRU,ok,13776
kQ93wnMCMWQ,ok,8005
Ymzyd9fbsmI,ok,8554
UNoPqBWuLC0,ok,21254
M7BaWuE3S1g,ok,5684
HpA3dWHPnkI,ok,10547
6pLJwQ1oYQs,ok,8026
gInZfQhEyTA,ok,8662
m12FrF4rrOg,ok,12216
sDghbEK46VM,ok,34809
hu0R5pzO5U0,ok,12598
iZAS3eCIdMI,ok,18284
y6xk2Syi-fA,ok,25205
BrtyImZZFdg,ok,6461
inx_WaieRHU,ok,34536
25-NdTG1TUw,ok,23536
77IG1dV_O4M,ok,13365
SzK0NONgvN4,ok,14247
PTNOHX5Pf7Y,ok,18457
PeElNQKIj78,ok,3385
AfTzD9VHdi4,ok,17520
gEIcqh8oz18,ok,12486
wkGERa177yU,ok,16250
jlbHez6Ukd8,ok,10684
6lwwYLEOSW0,ok,10469
fOvtzvA923U,ok,26779
PUZSPRb1VTg,ok,27743
q-2dgjNIiOY,ok,19024
IJ9rY2rpvAE,ok,9612
eY7JdVjg0kw,ok,22223
7IYncgCm-xs,ok,25103
24OB8TBD_jk,ok,14765
WJHgMDyNXKo,ok,15727
mAaEcexGKmA,ok,19713
RgHvTWk4H6o,ok,9205
njZuG8vCWU8,ok,18852
g8e9ul0Sxxc,ok,12614
jIZAqfY-Ojo,ok,15450
qRirYfM4XiY,ok,10451
dd1cLCmwqqM,ok,11428
vuZZ-zEv6lk,ok,11800
uoOK8aQPPUQ,ok,12977
0iWK_SS4meE,ok,5199
zo2cwvrcwkQ,ok,8062
JH6AZ7pcV5M,ok,5787
aIV5RRNMLfY,ok,29451
gUhiecGQCTQ,ok,10244
yXehh6-fk_U,ok,12509
IT76Fp1eIyw,ok,18295
-xSwddNE14M,ok,12419
xp9itnEWHjQ,ok,8994
5X_ZcifasBg,ok,18485
ajnyN4Ek1Bw,ok,25512
UiY6ZipJILY,ok,28188
37-gGWSA6E0,ok,9883
QwO4B2Kqevc,ok,18077
Wlk9bKDTiUI,ok,9194
9TLIfJtJI0g,ok,9513
3iWiR5JD4xM,ok,16945
AIi9C7GijmY,ok,24125
scMZ1IDFB_c,ok,9494
6VZpwvuQCU8,ok,7460
HWpXk33VIGA,ok,26128
SiR8aleg--Y,ok,17317
NRvdayrHleU,ok,9818
3z2NpnooUfQ,ok,8896
ygZujLxV6Mc,ok,3867
Dw0NgQxKIhU,ok,11664
ojGMfoWG2L4,ok,21471
IK_Z0F9lj1k,ok,7461
eOKDZ6OJpBs,ok,6772
gHv1rB4bNP0,ok,7901
MdmvvsNP3zo,ok,4780
TKA4J9WjHRA,ok,7043
ZxQaoPbOpW4,ok,8997
0p15GeOQiVc,ok,13491
cDMyViOlNaQ,ok,6224
xPvJ1ndCZ8Y,ok,6784
zVe2Tvz4ExI,ok,4105
7RbjGk9eNJU,ok,21057
n_-HGaTiSuI,ok,13600
Qa8qn-iE620,ok,16796
hQ-5IkM--OQ,ok,7835
EL8nbT9Kkrk,ok,4433
1ynLaS2Ed0E,ok,9015
xDIZXo4T3sQ,ok,3823
kj5jnl4RHaM,ok,5055
ZVUiW8Gfljw,ok,5510
6-0fHxIzByY,ok,4302
nsezcRYXx8g,ok,6848
6WUaeN2ovkQ,ok,3332
8TF0Latti7U,ok,15889
pfz14Z2cBd8,ok,4973
mPCgPieG5ro,ok,14563
Z9RVz2HqOzk,ok,4047
MrAeH74MDus,ok,16753
hAOmacHbBEw,ok,7952
qgRrLQSfMe4,ok,20167
Pz8y_YqCmo8,ok,3816
NC2XFUieF_c,ok,6524
KMKfqOmT8I8,ok,6201
JOzYEyUVWlI,ok,10663
kAiQIYksUak,ok,9903
BwkQ3dSk3Zk,ok,5891
_lR_trIryBc,ok,7004
SrJ2vSYSFGc,ok,10104
zjpKAuheaxU,ok,7910
YSmc2CZv-CY,ok,27248
jYGsfkv0Pj4,ok,10358
lFG-DTYJnQY,ok,11226
6uRbmPZLV3U,ok,24636
MTyCrqSPX_U,ok,4587
YDJmRWd5guY,ok,7194
hcp8Q65WDUk,ok,13390
lQrPeSQYRp0,ok,6168
3BBrXHanKs0,ok,13273
XCWrVNY4f7o,ok,9088
HLGvYdty-_M,ok,14325
w34fUsLtQBs,ok,10312
4kp1J7S0AMg,ok,13799
WOgK0tTRIPo,ok,10837
0TDDkR1N_-U,ok,14666
fl-h5_TunBY,ok,7888
uoaj_Fb9JIw,ok,10277
nviDafIwRGA,ok,21940
LL8-yXXuFeg,ok,15129
uMElVeOtv6U,ok,6739
w4heknNoQfM,ok,11928
5tgcMYDA5-4,ok,10231
UP5bkPIjsLc,ok,4465
g22Jy_A30CA,ok,14875
uRthL8m-yZ4,ok,7054
qcK1BS44ehc,ok,6098
T-rrnVEIZHE,ok,7637
pqGIbt8ggdQ,ok,5816
O6jHPrULfXo,ok,19779
anYz6fNJ7A8,ok,3844
MQbGYNtOUxk,ok,2290
EStvnGMtgao,ok,3217
XxqmREVuX7k,ok,9750
DSH06RpI-S0,ok,2728
cLAMrjQSluY,ok,8884
jeJ5E6psIH0,ok,3881
-b_g6hmlvdo,ok,12769
mLOdV58zPiU,ok,2261
ajHIvJ7vkUA,ok,33512
htNPP53wvJA,ok,8121
QvLPSBaWsQ8,ok,29141
1GdzodWVe0A,ok,6131
rnfW1u3XXAo,ok,5117
8quDvM-zodg,ok,9457
qgFgewfYW7s,ok,30338
Tf0hbrJt4hc,ok,10805
b_TImh8wPVg,ok,26508
Cc3Rrh3QIA8,ok,12069
j55KDOdVc1o,ok,20681
DODRaI_XdOE,ok,11831
TscgqiJUnQY,ok,7748
7-hw3t5KUFg,ok,8591
6sOU4AA4Gf8,ok,28919
aBPv5ctsqvo,ok,16422
nrrH3eISme0,ok,12560
clqYQBy4idY,ok,4314
2gnnCue8KLI,ok,6840
ek5yvyk9zik,ok,10949
YHLcULoz3M8,ok,8721
cRZ9HZ7uluY,ok,3323
On2F_my8eA8,ok,6172
4680KIcAyZg,ok,6575
0qQR-VmmaY0,ok,11490
pRYcR9Sp490,ok,8338
smUTLP5kV1Q,ok,23293
X3OlAaDAEwU,ok,6264
SHy0Ijv4M0c,ok,14326
78FKw3oDsTE,ok,10239
bdnnoFfSVVU,ok,9770
InAXa6Cs2g0,ok,16413
0L6TMAobqOQ,ok,23854
f2EG2_Tw_Ao,ok,14477
jYvo9ZWU5mk,ok,9974
LVPWLrhm1Vg,ok,8174
QKcCc4XXNXE,ok,11081
ZnCdfoGxRC4,ok,11804
dJwmp_41EII,ok,9496
pblE1Ki9Z18,ok,15204
RTuAOzIseYM,ok,11888
b81fiL8_a9I,ok,12386
POmXe783g08,ok,13469
jrWQeG07t8w,ok,16127
Saw08MPtts4,ok,17269
KB1XQM2_-7Y,ok,26950
Teze_p3KXgI,ok,24028
2QtIgtp-RCA,ok,12624
u87hM1axOJI,ok,11776
nHHH9i8Y08M,ok,7116
6NPJtTTQ0RU,ok,16948
zfHVV7IqyzI,ok,8609
RzaCDI9x0tY,ok,13142
jRTdcLRfO38,ok,9256
ovY3g5ZjRjU,ok,29744
nFMOcEFZDgs,ok,12274
8BTdWOn7cEU,ok,9465
gj0vCyBOWxc,ok,18692
fVPDhnN2ZQ8,ok,5939
FCX9oRh4DbQ,ok,18604
5w4B8c6fB7M,no_transcript,0
92VXTx-LgBM,ok,5740
FnRM396dA2c,ok,10170
IIrGbU1J7Uc,ok,9540
Zs5bw-G5BJE,ok,4080
Z-O0iuU8P5w,ok,10169
dfv8ssCkVoQ,ok,5979
KS_9Jt2N_1c,ok,17785
v3IliYBxJc4,ok,8423
j7IVljV1Qio,ok,12681
tItOSK4mcI0,ok,5128
2NRo-su9BwY,ok,3563
rbu_sSG0w1g,ok,3567
8ILPd5tQhRc,ok,11451
kD3jb70XALc,ok,14231
ZzTE0b-nAis,ok,8525
NrDiRFqQoQc,ok,2436
U4BTNyn28gA,ok,9792
aqFFLt8BNT0,ok,6139
FkwNnMMEQQw,ok,5788
oBQ2D7m_cNI,ok,4558
RfbkGTgcSUw,ok,8493
NS0ZEeVcpUY,ok,8558
gFWbQCtzLHs,ok,3280
9cgwzvQUa8I,ok,5531
qC6CElswW1k,ok,15932
IdjNmj19XIk,ok,9296
CZorrDiHuLw,ok,18810
5TJq8IJmW2g,ok,3889
robzIRpYqfc,ok,11293
GooI1eMDXuU,ok,19593
NmpvWl1BJjs,ok,6510
uBM7COSvbwo,ok,7390
0MxtSdkNZjI,ok,11568
ECTXKdOMAaA,ok,14450
JVvtbjYtvao,ok,11205
1Ce3-7qCmXw,ok,17803
hb8Z-OkXVN8,ok,7542
_uKivE3slSU,ok,8117
M0aYuxL0ACA,ok,14042
hiJjC4xdVIU,ok,5380
lL29bI5gjnQ,ok,12633
hO06X-khjZ0,ok,14105
ZLcI7cBhx-Y,ok,15773
9NtUFPiwO-0,ok,38154
h53KLB2liR0,ok,37008
t9eHub2Stdo,ok,7542
o54obpstens,ok,4991
fKw7Y9MUfKI,ok,16444
_Yux6s8cPmc,ok,6430
NsbgIC8NCKk,ok,9530
8SOp-uVDD0A,ok,43999
E-5dzJErAwo,ok,20431
xlsJ0o5H2Nw,ok,54560
WRhhZP-3Cc8,ok,26161
z-Qscr_5ZSA,ok,8869
NKIZGj1nbcM,ok,10514
VkNw89mN0fg,ok,21415
gcT_nyGkP_4,no_transcript,0
yW7lMqTISSk,no_transcript,0
jVNn3IfdH6A,no_transcript,0
vo4uEK_B3QI,no_transcript,0
4scYooHwUxQ,ok,13534
VyV5CAuoA1I,ok,37771
_LxJVfsGs9g,ok,40076
GZASyuOIELE,ok,8901
bhTLsT8ujjg,ok,21139
_uguAbrgBa8,ok,14201
s7sBqcnyhTk,ok,32870
wUhacn4ob-A,ok,20202
u8ilqbKkWzs,ok,10007
lJ47IquhFlU,ok,24100
sBRxutT_lhY,ok,22216
k9z8SYWDQYU,ok,38216
e4jU41-e4WA,ok,15733
rCbtABG4upg,ok,20302
gwI7gKDrdzE,ok,11425
86MQqoHqc98,ok,29323
Nn_jHDOfcrE,ok,17917
i0H4mggP65o,ok,15266
18iIfMG4ovg,ok,14648
gSxSD63LKjE,ok,21745
yFoBnM0iSlc,ok,37384
mxikp_CS6iM,ok,13502
14L7VaWfM1I,ok,14299
LcDmMJmHH7I,ok,20862
EfTWL-bW4Rw,ok,20944
a129wH6k9cI,ok,28603
_mVOTFwpTHg,ok,25073
-Q_dJfc5LfU,ok,9530
-yZ8F_vMfAI,ok,18174
lZuHj8Dlk5o,ok,25578
HPAo4QPDYc0,ok,29871
1TNWEQ6Ceho,ok,25420
07ZMPOjKgOk,ok,24020
8hmA0nAlNHk,ok,17388
-olL1KJlMWk,ok,12490
lwkqLFBZBmE,ok,23204
IrhKovNsW44,ok,27346
jq7TW_T-GSM,ok,18153
IgAtCIBRIlo,ok,21878
BZR_SoRx2HY,ok,26807
I2hhUITChUs,ok,20349
xhierXtIbFI,ok,20701
sn5zJAFVH6E,ok,19003
xqQm6uVVNEc,ok,32359
NuOlz-tDOzE,ok,27343
hHkdz4mu0wU,ok,20086
A4OL-jz-_Jg,ok,20301
QYAngNg7Q4U,ok,29202
KMOp3me-mzc,ok,16224
v0-CySiEluc,ok,9493
jKxVFafsRFs,ok,8083
qSUz5iLe5Qo,ok,23951
qqtzlPPAHMY,ok,21001
Ir7ztWGGVa8,ok,27344
uCmhywoXj_w,ok,21978
k9IkuwMDnjM,ok,22483
_ElpSjfwn-8,ok,34682
h9y_JjfemDw,ok,19179
V3Tb0IpI2ZI,ok,24854
m4fKkLNNQZk,ok,28157
BBZszvuX9Mw,ok,14095
sazrLSb2CNs,ok,17846
_N5LQgR9wfE,ok,10772
5PduPjS7css,ok,13172
QDqlHmUCRiM,ok,13448
2hbcqng5XtE,ok,23317
ixRrOghFWm0,ok,16082
HV8aSmD3hA4,ok,21906
euihkuCq_Yg,ok,16630
xyYyLDgZfHI,ok,17199
TK-CaomTVr8,ok,18932
vncbc7SXffw,ok,18509
EmTjvoO0_o8,ok,19483
pQ65pvg6jDo,ok,12212
Hr2dUhRV6fU,ok,21462
q3ZFrNpl0to,ok,6284
BGm87n5EVWg,ok,22591
UqhdL1gqYYM,ok,22203
9VJFZq08Y_s,ok,18531
eBqs1VtNcDw,ok,10954
ziKQ7UOLSnk,ok,8668
q-9N_L39tLo,ok,13432
evRIQvbH3ZM,ok,17171
Dg2yWwWt8r0,ok,9029
_-AVeGYCfEY,ok,14087
Jv_Ta5Gg71c,ok,5826
aRSVWYjingg,ok,12513
yni-BOUlQow,ok,17604
EE_rfcshfNA,ok,11801
wo4LmETRUcg,ok,26746
4riHRgaFJw4,ok,13344
QDs_U4sjDzw,ok,9972
BGky1aSMB70,ok,12722
ZLx4OoGl3io,ok,13086
SoogG1UJRjw,ok,16217
BAuLT7YrS6Y,ok,15968
tYvj19Zv0u4,ok,14126
_MG6LB7Rfn8,ok,6455
YWs857M1oHg,ok,24180
L16_4IKDu5Q,ok,32409
mRNuYt7tfRA,ok,32418
hmz0gQ2h53k,ok,23654
KMnUbD3bXqk,ok,16507
8UhXcKHisjM,no_transcript,0
sqGQEynlCAY,ok,2012
3evuShXY5fA,ok,15726
Ck7jFfrCwkQ,ok,11563
qRFMaiJheUs,ok,7883
_7SZQjWzWVY,ok,14003
oRZp3wxXywI,ok,11721
cxhs-D_1ep8,ok,6177
09QJPr4x8Fs,ok,10147
B_1HM6xaiLg,ok,37256
mHbzFs7lwgE,ok,10455
s_f3KuDgMKM,ok,27746
mlhulwXi8as,ok,16554
8jY0XPfZ_q0,ok,13730
MX3kcrftbDs,ok,5852
-_zfwPFhVlA,ok,18040
k6KojUAxlgE,ok,26943
yiJ0GByVIks,ok,9491
yLm9Z861tbU,ok,16681
kobIU-HEx2w,ok,12264
3MBFY0trClI,ok,9743
f161iON1Wyc,ok,13554
h-VvNUu5EpI,ok,3457
lH8SD7l8PiM,ok,11733
fk-FSqCQLCQ,ok,9101
p8ps_9x_Lps,ok,10960
9QCV2z26yzc,ok,12261
d_4lDTKQUF0,ok,14636
-N1qf9G3k5c,ok,16561
PIu8JQ9gi3k,ok,12407
XMxqwjMDdO4,ok,17110
Osy5kYeTPQs,ok,9067
rw5pZFcQJxE,ok,10653
58RlNTiuqDE,ok,11943
nwIrW7uiDXg,ok,7234
shy5FfrL7EU,ok,34787
eNoJnGFKBsg,ok,34141
oR2VgiDyuY0,ok,37445
4ZlmivUQSZU,ok,10927
XSr_KRmh_yE,ok,25075
kGcIqiBKSTk,ok,11217
0ZyjjxLAizw,ok,16179
7WhTg-VQ65Q,ok,11404
seYwD32id8k,ok,9922
o6HINjgMjrs,ok,11174
aPL94jqsny0,ok,10536
9DQrI2jIrJE,ok,6740
zOAPqBKQjlA,ok,17848
ZtEIUurOLDI,ok,11398
taHYs-v3hBQ,ok,23107
TeeYq3mzBXM,ok,6764
Ck2iAcXb3S0,ok,20226
bvhWcPxWVYo,ok,9559
VFSElEPz6Os,ok,11183
e0KL2kbUd_4,ok,34795
2G98nnzbj6E,ok,14402
Yrl4kjSak_w,ok,40771
KEpOvZF1o_Q,ok,16014
QGoLN96KIDI,ok,10702
EzdCx7gXRSQ,ok,22299
JMcaRfFThmg,ok,14748
ihltltecCoM,ok,15773
c5HU_4ukSw8,ok,19216
ZPDKbcNCU0k,ok,13724
z3Ftmm7n0xw,ok,20755
Hq_v3OGy2KI,ok,19854
zc5F16R2-iw,ok,4520
29sqcVgP-9w,ok,21965
Z76x_GL2Stc,ok,4563
sRUbB9Cfs5A,ok,13000
Z3C01ZgxxeA,ok,14129
uy5uZmOuK3w,ok,27650
fEQIRRdCrPA,ok,25299
zj_8q7geiJs,ok,15708
Vu2fheiyeow,ok,27913
-AtupFmGCho,ok,23465
ApW0kXcL3dA,ok,13439
1MXD9YZGFHQ,ok,13255
we64yOC3Wkg,ok,16825
vOZGdT9nYbc,ok,20398
HN2sZkuPJuI,ok,10092
NT-wOkxx2CQ,ok,19071
nwVRxQuAPi0,ok,24343
e_U0Uvwa_ks,ok,14634
MHUqe6XNH38,ok,23165
mrpFiHkWENo,ok,21714
JGrEkTRoaCQ,ok,17999
_EDKOfOIJiY,ok,16499
Eexn4MPe0Mc,ok,17683
j1tvgmKG9Vw,ok,36311
H8N8Y814Atc,ok,9438
1BZ12Ulj_z8,ok,15656
C5shNrS9zDg,ok,12248
RTuq7QXniFc,ok,11620
j4MopnpYSbw,ok,9880
-n6ZvKWneO0,ok,11587
mqjDfXU-q8Y,ok,14639
BaZ4R2ovI9k,ok,24512
Gzt6mM3Iuyo,ok,9732
C4XZ_67c0Fo,ok,26467
3pIdrFZR4e0,ok,31400
8wkucabTMk4,ok,26176
n3ys6cjIQ2Y,ok,7471
WPYUoDo6khU,ok,13152
iMsVFndkq4g,ok,29932
U6fAelgYO4s,ok,13071
yFKCn5e1ERc,ok,11736
Tm-mOUMkM8E,ok,14883
aohz7FwvSJA,no_transcript,0
sZrnd4HaveU,ok,15720
G6IQLy4kBwk,ok,12304
uGgtHRtRI_c,ok,11913
_NAM_oTYUQM,ok,19512
8Pteti7brGA,ok,10981
EsuZyHJETIU,ok,5486
-xzCdsMvO5I,ok,5126
RFFh92FDABQ,ok,6515
YgUN_rL-qL0,ok,2889
POJgtBLQFz8,ok,12799
AJwHtsHPgJw,ok,10037
ktafBoiczTo,ok,5671
7weufrj_3iw,ok,5459
C8r31NF6ims,ok,14319
HfkIM2MYBHg,ok,14450
C3Lk3g4QZdI,ok,12041
ifAOlaKmuO8,ok,15717
b33N2DuEcS4,ok,41815
_GZ05LT7DWQ,ok,14185
2higxJXgl6o,ok,15111
-lRneYO9y1M,ok,2836
0BrH170TcrY,ok,2692
JEb5ONBOBZs,ok,16208
T0Beh2JD9eo,ok,21918
EoGPDrTP97M,ok,17752
wr1igWWPtGM,ok,25288
MPoXhR5LmjQ,ok,14538
edXgc9epKjU,ok,16765
XzrpLOH0nwU,ok,17285
P6nXxZ8-uB8,ok,19242
dqrTrFpZdcI,ok,23107
IcQz_fs-9FI,ok,14837
INLk1SJThNg,ok,11655
3H20ObAfE84,ok,6190
zLE5EYDgh2A,ok,10953
MtUbEB05RVo,no_transcript,0
I8D2LpajkOM,ok,13106
5VorIZhO7AA,ok,11160
P6iayd3HSp8,ok,22634
eWpdzIzAqx0,ok,10632
gePpiaeWdHc,ok,9206
uXWnNYZNYwA,ok,8592
HQMHhKITxLw,ok,14405
IDur9IRTrpg,ok,8183
NfZ9u3aECWw,ok,9046
z1XBbdcEH5E,ok,6674
ZxI6Mmoh0A0,ok,6495
Vwjo3q_lImI,ok,16846
bT4VIOn-4p8,ok,16301
AKltXtYDwX4,ok,17538
mrh5LETCt-g,ok,19644
odKuPR6WrlE,ok,14675
XeTg2XeXmnw,ok,20768
26Sp3YgyVIo,ok,7275
xYDKJUCUIiA,ok,12741
J4cM1SZS_fI,ok,8160
0l15IZ_aCk8,ok,16666
VYaU5qCunns,ok,10666
xe26SdB_G9w,ok,9742
a3XYvIvNStc,ok,10050
VRNAfPeuvDE,ok,17382
MrL9_o9kTT8,ok,9801
WAd2DZ6Cfd4,ok,6516
HKnYV_Mw8-o,ok,10894
N-7JI1V8cQo,ok,24975
zgJizLa4zqI,ok,17013
UbCqKxRtQ5c,ok,31689
oXtH98_NKmQ,ok,4427
qqEhEOaBbRc,ok,14111
tX_cRJ-qmYs,no_transcript,0
1mYUSlI8mxA,ok,8000
u5AP7hklYbg,ok,6799
VDiB981UMUI,ok,6261
9s5hXohCHMs,ok,1120
YsjJDn7FvHM,ok,11620
h5NEUq1zXjg,ok,4394
Fk7ogj6L-zM,ok,7395
HEt_vcucBnU,ok,8689
T9L4UGAmzEM,ok,6956
5FGrRBm9ukw,ok,9640
J2dQH__aDBw,ok,8484
MjInfOGcryI,ok,8948
ySuUb5EmhcY,ok,5456
mQVQk3Ogznw,ok,7925
Tg3uGX5Ok78,ok,11342
cUtMSdDnuJ8,ok,21897
eReQCA8kBxs,ok,16266
IKVEf3-8kkc,ok,5113
LAPZ-SXQVuc,ok,19738
k6GnVUF-3S0,ok,12874
kR46nFXycnM,ok,12118
XcUYUUl9pjY,ok,15033
rZZztgxYS7I,ok,10759
KsK7raFgJC4,ok,15761
1pBLBWAWZcM,ok,15327
IkmtSCAev_w,ok,14122
-50TNuPqFjI,ok,9310
EEWAnPJ2eqA,ok,3570
qx7GueoKUhI,ok,11651
hCIuSThPcm4,ok,14255
aMnmczbYwpk,ok,10560
u8UPhHM2l3I,ok,26047
Vw5AHW7bxxQ,ok,20692
hjpSAhM3WAo,ok,8941
OACGmLiBMqc,ok,10509
wkIVo7CE9kU,ok,4035
rCl-yoxT--g,ok,15814
dYl12SOBblA,no_transcript,0
QUEQCYaTpbA,ok,6327
dA7y_vWnY-8,ok,13125
Yt51hZXn6T0,ok,13810
KyyyKEQt-xg,ok,4166
f70pRVMVpNo,ok,6491
808nCFP9it4,ok,9247
Q6eD3lfq_nA,ok,16032
C8B_zHyiwKo,ok,10810
6svEwI0rWUU,no_transcript,0
wh1Um55Ec6U,ok,14631
x-KNYLX0hkk,ok,15349
hTobV-0dZWY,ok,12516
mqt57Y5VRPw,ok,13578
H82nRY9TYU4,ok,35393
JtYCZaN_VcU,ok,14770
8YHkksW5_fs,ok,10020
mlRp4Fnji58,ok,12065
0FG2KIFtQjo,no_transcript,0
KrxSUuae8HI,ok,15956
pZzSAk3RoLE,ok,8737
Ggda5d5FtAA,ok,8087
cQZYkj87mdY,ok,6208
wniN3s2L1ug,ok,13189
xEc0cKy_4MI,ok,10215
OQSaEtR0uUY,ok,7639
JSqI99gL_KA,ok,35553
0Kr1HICVtXI,ok,11529
cn0fABrxQds,ok,2272
_BCbfPNrDrk,ok,29589
Pv9ZgLAZ3VY,ok,14715
U7embYYmRJ8,ok,12121
384fjRJEgNw,ok,9695
e2SYhcASwE4,ok,13313
X8br1U6-fCE,ok,3028
bmx-x3wXkys,ok,18025
8LpGV-YqU8Y,ok,30066
HGRpQouWYEg,ok,8357
Kh4Vcs4RpCU,ok,8332
NV7_xgSno5Y,ok,20423
AJj64PrTkW4,ok,10397
aXNpyZRcmOc,ok,28994
bMIcIHYmmI0,ok,17719
waOILkuyf1g,ok,10221
xooPs95b-_w,ok,14318
qrc9ZG_Lnqw,ok,3281
6RIusb75d-k,ok,14120
j8PtYhz0D2w,ok,42457
ZpKlOnBuMcw,ok,10354
UoEvpgw9gjM,ok,8729
9sP6n-2GEwU,ok,15755
sLrFAXhI0nM,ok,2375
hYWHfDDiK8I,ok,11119
eVzNjUmqIUA,ok,27601
UfjONHcQYE0,ok,13313
_wc6Smx_iDc,ok,12956
xEWqG2stt5o,ok,12131
a24I9RfXO9w,ok,20641
CDPxDCMHM10,ok,3134
C5i72Nkrpqs,ok,8344
te8MzDEVGLE,ok,11157
_fO4k9ct3jE,ok,20578
Fcfr0X43cvY,ok,17405
m_VLPTVlcAk,ok,2705
IvYbprMiSAU,ok,18625
sREYsdy0cqc,ok,13967
a3Y9REr_7T8,ok,16709
94iMo1L4ixc,ok,16382
XxbBchtUUGQ,ok,9930
QPMcBuo2U_E,no_transcript,0
tRldJPXBFNM,ok,18136
Plj1in_l7wA,ok,13154
32_Oik0u_zI,ok,17230
kWydHvflLo0,ok,12075
cJ3O3beBBw0,ok,4694
2lKvUfNCzA4,ok,26220
ieBBe0_qXLs,ok,11086
l8kvdBE6zxo,ok,18823
2WYyrQo52Pw,ok,20402
7dFtv_AiK3Y,ok,22637
-zClmLz3Jag,ok,22273
i0XPPTSTwcA,ok,21678
duyquAa5hfA,ok,20992
dwiE_hxcAXY,ok,18888
ATB3tlxqpQs,ok,8146
3V3luUuH5Ng,ok,22778
noM3KktOKRw,ok,13042
qwo5f1lY6cQ,ok,14407
Nmng9tXYyJs,ok,13809
XVIBSohfMNI,ok,19443
7aYvNxGsTtE,ok,15410
XA9ZFRBYkTo,ok,22447
Rcz5rzJFcuE,ok,26582
-GSHtmN_SWo,ok,21299
LrphEBhipnw,ok,10303
dz4FXStcQB0,ok,12075
XBl577pZMmw,ok,16669
Nk5SOAxUYSg,ok,23753
3sA6Ksq0v6I,ok,17451
etJI1Crae7k,ok,34730
4UQC_Cq_QxU,ok,12910
XN31wx2LnHQ,ok,13643
Eg0QyranqkY,ok,17110
EAn-7dD9yrs,ok,11631
KqPAcyFw6L8,ok,13694
QVBkAyJKJoE,ok,14992
zIzJj8w-Gbg,ok,18159
prBg7_tLiE4,ok,8627
mtzE2Ls3qLM,ok,12220
srincKi8rVo,ok,16868
s0XQa0UeWmY,ok,16908
rFlK4tk6ZNY,ok,18239
LJzkn5uo-YE,ok,21478
RzBJg_woaSI,ok,12722
RIl89vt8bMs,ok,18278
4qVzSIkUACw,ok,19730
YrwZOstNDj8,ok,20958
_6BJwWTQcS0,ok,17600
i07clcWPlrA,ok,19621
3K-Q9ASfN7Q,ok,21838
jcIM467dXns,ok,17671
YY_FzGDjnts,ok,15939
nlobZlnO8q0,ok,17215
xVqHVra1Eh8,ok,10737
FsfyrZaMITo,ok,22932
VjmgIh-NXzI,ok,21023
7XA8byLPSQY,ok,18811
gjIyo5rZQXU,ok,11273
_iyaH0V3HYY,ok,16561
IaZmk2yBx2U,ok,17335
iUrLSSmnKV8,ok,21303
_m5NUTe3QRU,ok,6939
dPtNJSzhN54,ok,9019
8r_vrbZXyjI,ok,20753
Ck2vWFuuNE0,ok,15580
fEfrf61bqkE,ok,24345
J61GlBF7zlY,ok,9999
nmPnQDXSZb8,ok,19991
BY-el5fFYhE,ok,12019
w9U08PCh9Yc,ok,11224
KUmlXFkzGpo,ok,17054
-g630Yc6y9g,ok,30711
8CD6mNvUVKw,ok,23265
q7dOLipWJvQ,ok,12387
vZ-4-zpZkto,ok,11072
XWCOriMcpfY,ok,12794
ed65jhdEE28,ok,8266
x3DA72rC1oc,ok,7972
kYqS4P1xKUM,ok,11347
UeNPMJOmJeA,ok,21402
pyu0LhwOIiU,ok,18380
tD83H2aRWng,ok,29909
hcXdjPMwbjs,ok,11346
gTJ_AhN05YI,ok,13785
HTapgYETs0k,ok,16634
7Cs2ToFBR3Y,ok,21194
ZkhvQVa1Mg0,ok,15273
tPEEBpsjiYk,ok,17271
rW0X9qPSNeo,ok,15391
zQxLkBusezQ,ok,18873
hpnLZPZ2QvQ,ok,15497
7W7iOWXxC4Y,ok,12036
6m0j_SPe__U,ok,14105
gX3vHrqtsZU,ok,18441
YO3863FqUIs,ok,13769
GqxFVfny-FA,ok,11760
uQY1XzOj4do,ok,20466
kL3ruhYUaaQ,ok,1590
P7jb6mDVqzo,ok,23821
iovRu6hPF3E,ok,19704
RbYUEGWv-Pw,ok,26770
BXWIOXj2i94,ok,19763
Ej26xyDqVQE,ok,26544
euqFCwt1V6k,ok,15313
WyPIBit2Cto,ok,20159
F997V8o-DDY,ok,14886
Fq0vo7UzzPU,ok,26080
wq3RVkZlgmM,ok,11631
gfJOD998yYc,ok,19993
WwVdyXySWbs,ok,21580
5-Yu9rdA-p8,ok,28168
QQY1JXJ84lQ,ok,22056
oAN_rxRbHdY,ok,17497
XX6zsMfcPqs,ok,16758
0jJCWTYDG_4,ok,17779
SSEn_2P4eto,ok,27859
hIFHeYxVomo,ok,5893
1iTFinfXAQc,ok,25896
03VagqMVFC8,ok,21340
dku93HwggPs,ok,30163
yID1nzjzhG8,ok,31512
YFgjhbaE5f8,ok,38020
G3UkStyEKcY,ok,20142
O8O0YjbE6OQ,ok,24800
KOJmfadRhvs,ok,19343
_KDEYMlpmGI,ok,36192
_arH5DFHnJU,ok,22522
2qtTGje2Ubc,ok,19530
eFVBoLrG_II,ok,14028
Oa_7eloKUGA,ok,24158
pf0GutMIsbo,ok,21168
MCF5sBey0CY,ok,12974
PG85dJnhOuY,ok,15929
pCFeaD_v4UM,ok,14149
6ZmvKedm-vw,ok,32119
Vb4WHu4qAdo,ok,22695
vTVRbjj4F90,ok,18593
pfprtjvbQQ8,ok,15133
TLQe5cXhtdo,ok,9481
xshFZZGghto,ok,18162
JmUAODTcaKY,ok,22449
sX9ol_BonBs,ok,14217
FPYitNSRTYs,ok,12129
ilFKF3cvm6s,ok,21856
JHwMEr4TV44,ok,14704
qvP7aUzvaKg,ok,10122
9Yy1rJIcPYs,ok,13755
LoBTm6NH2mk,ok,17243
JRiE1rJBd0s,ok,10708
mWaqPqOgrSE,ok,14132
z8eVJDkhfMw,ok,14647
zlgW754jWoE,ok,11582
XpgRsZiefNI,ok,11270
j9DZCMRMF7E,ok,13930
zQaDWbIZqfE,ok,12652
M3IJnSfFq5Q,ok,23883
oN23RBHcEys,ok,14712
EjP5i5BngFM,ok,18095
ktEQlU8qykU,ok,17542
s4pJYZfZzDY,no_transcript,0
yYfmWCAW7m0,ok,2292
t3Zg5eu0nDA,ok,8212
Y07-oXPiMCY,ok,10136
SKvISFMW1-E,ok,13833
7QFkhtD6V6E,ok,11693
JiO80oSW-Mg,ok,13562
yiv_4aLRKgs,ok,14008
c0cRIXQoH5g,ok,20194
tK44a3wMQBI,ok,18857
CfdS-b1I0nY,ok,11957
jNopJtv4WXA,ok,13143
7Qp6IaAdWuM,ok,13171
7X1xGvwcOUw,ok,13363
Dpy5mcr3aL0,ok,15775
1pWvMEIe1XI,ok,14371
qPUQYYgqN50,ok,11593
Z8OFPWRHgyE,ok,3214
Yiahc5Ds-NY,ok,6705
_gxVvchRT-E,ok,18392
zdsMwEzUIog,ok,11194
OWpQZZFIp58,ok,9063
z-ca3VarnVo,ok,12676
ayK-m0C4tNk,ok,9123
UemwRurB8-c,ok,12707
7DxXG44-3Iw,ok,11530
CqJjdz-wunA,ok,14871
7eHxN1qA3O8,ok,20774
Y-Sg-YTuNaY,ok,16192
AhvAEiXm7eg,ok,9319
4lFa2VraPxo,ok,19215
mf2JUlkYxTY,ok,14351
R-qFyFIdjos,ok,9582
Z7tlGwqitrM,ok,6740
zxyFpuCdRpg,ok,10290
w5jyWZWAn4I,ok,8085
7cVFzbmGzC8,ok,12994
AkxVT8GLFAU,ok,18677
6gIAmLJC-WQ,ok,11911
5qu9E5OT0Ko,ok,15975
qDgJoVhjAE0,ok,12753
v1_y9bkLcSI,ok,19505
iyKu3rD-iTM,ok,15398
Hy4kCbdwwjE,ok,10578
R1WXKx5I7rA,ok,16115
qOJAWVuJNbg,ok,14021
KXFNIGwDZPI,ok,16377
ewFF6l9s8bs,ok,6260
ZUV5FO3YCvI,no_transcript,0
rR-6i29_VLo,ok,11728
l7btoJ8sgNU,ok,8831
VmbA6BlsTLY,ok,14521
bJfjzuXgdfg,ok,20879
m1KS069DbDk,ok,17381
gcZOhR_4KtM,ok,11807
TbBW0oBZcXs,ok,11287
_HG09jADZus,ok,19456
k1_ItgIJ0_U,ok,10611
WqIlWLf7zkY,ok,7353
7QwDiKo2xOQ,ok,15911
xTPcI7HHu5w,ok,42688
mtFuqfbXiOI,ok,17085
PSGgwmcT0RA,ok,11277
9Pyd4C9f0DY,ok,12841
i1shm3ATwJI,ok,6289
ZhAq96_lsZA,ok,2094
kU3f-OXdrpo,ok,12662
usJXx94vf8g,ok,16041
3It-hSKC7Oo,ok,11834
wVSBaf5kGCY,ok,24890
vILx-REqngQ,ok,7918
S8a7iKeM6qU,ok,711
aQSdgbMr75g,ok,17612
7_U5bDa3T1g,ok,10509
45PHATChEJU,ok,10191
_9RpDAxqkxw,ok,22248
bewPreK4KSk,ok,19886
3tcad9E0eCA,ok,20890
BQeDXg_NcRs,ok,12593
1VPQURM9C3g,ok,15798
HtUQ4zjvQt0,ok,19984
tyi0xg4OtyE,ok,13861
P4E5UuwSouA,ok,19777
uO1leGzpLmk,ok,19814
CrA3HmFn4JA,ok,18482
lKXbOHnaa6I,ok,14949
ZKDwuVAjtZI,ok,19175
bpuOAen2euY,ok,9492
hsqvrEuABGA,ok,27058
82y_Crqf9jo,ok,4312
nkblH9fttiE,ok,4687
z0Mg90JuNPQ,ok,5511
eMEziz6PzIc,ok,4223
g-wPVPLkEXs,ok,19556
yKV3C2DoaFg,ok,39138
Or8V_hE6Ai0,ok,13869
ubiPuy372vI,ok,16938
MK4kNP4HerQ,ok,16451
qCXg8r8fhZw,ok,16672
mZxuVXBppO0,ok,16087
rbYjRT7eM00,ok,12411
028XUJNbAH8,ok,10601
EOjKSpzqcFo,ok,11959
LcvYyjSsLUg,ok,3538
8N8wk4xHeOM,ok,4180
bnmKVuqgeGw,ok,11090
Q6agX6R6wts,ok,4377
OLEh1CpwpXI,ok,3692
F97zDp3S6T8,ok,2200
5aVgMKCEK3A,ok,8530
twB0vW7XA28,ok,2997
Xp7oR8Clcf4,ok,2670
yfOhuz05oA0,ok,11309
2stp2cJ9b8A,ok,21161
2NViTsWfQAo,ok,24286
bwgET5gI18w,ok,11542
DoO4YnbPOPA,ok,47786
2POPRus4-XY,ok,20932
PLZR0DvQubM,ok,1984
j_a6dk8XyZk,ok,15596
qZ3PJOOBBjI,ok,6335
j1b3M4uvMRw,ok,10369
DZmv6p1nkYQ,ok,17316
ZRkH4LOXX_g,ok,32304
P0s5O-eAbjU,ok,28810
uCLz9V5w2g8,ok,22600
tTvP76Efa_0,ok,17375
6rWnRBxHQl8,ok,12652
PTatTRO39nk,ok,18191
kqM1HjbyQSA,ok,12834
5fD3Tscoffw,ok,9598
cmi5ZaBp3pY,ok,29311
6iDOGoFRJcA,ok,14626
g-Iw2iCBr40,ok,24838
_yYPzwAZnDA,ok,18706
WNO14gp0nJw,ok,36852
l0gJH47FQnA,ok,28354
4hFxJJx8pak,ok,25181
zPJ4oemntmU,ok,51239
xkTGmgvTnMM,ok,2072
1HHbVSpJNzY,ok,17209
nRh04qu4A6M,ok,31635
Shnu1xitcCE,ok,15200
hWj8STCVwYA,ok,28403
TfkZ70ge39o,ok,23828
4xGNUXeH9Hk,ok,30415
G0366xtNHUM,ok,20591
Oh5wOESGiSM,ok,56771
eyW6XffEZJI,ok,18254
0iNQdx-fp1o,ok,31578
3B90KAFLhJw,ok,29646
bRKmhJJzUsc,ok,36572
8eLtork_M50,ok,49444
IuqROAZ9Nqg,ok,21685
57hVjqV3Xfk,ok,21641
9qdmP0nwtJ8,ok,28656
zgMdhvUeVH0,ok,38141
pDQq0txo2mY,ok,40463
h072zpbd5UY,ok,10491
nJdYKnQv760,ok,20551
0OCin7bbzEM,ok,45449
0-b_wHYse98,ok,21357
qJc2zgKOEew,ok,31811
GhWc8Q0f_dE,ok,15021
Wuem-9BComE,ok,19255
MkV7Lcp9LrY,ok,17133
8TAwTIewcaM,ok,37937
SpxVav1Sc_w,ok,26555
EzHEGVb_9-c,ok,64349
eXaURxDDyBE,ok,34366
zIcmZe5rp2A,ok,27965
q67czJQXwlY,ok,38297
_SIfpmq7Hwo,ok,28917
0Wm_aj9bxpI,ok,26852
xaVknaajs7o,ok,8454
foJ1UsqaRKs,ok,13454
30md_hg2xug,ok,13101
S0WcD5kl50M,ok,25676
NE0IxWksuqo,ok,16972
xCsTmqzBIco,ok,27490
aC7jCwYYHxY,ok,24892
hzS6IPignEs,ok,10002
y_Qp_ev2js8,ok,20730
a2xlibTeVO4,ok,51996
0uTLL4IFyj4,ok,3845
StpXbe3Ga3Y,ok,31979
TTvaXCmtVbI,ok,19482
8g_b58OFsrc,ok,16101
QIlR88aNZJQ,ok,6083
YgiGTemS0dg,ok,5998
OWldwGpe4TE,ok,5175
8h1xWOkgrpI,ok,9785
hpd5nYQLvb4,ok,4793
QD8g5PFUku8,ok,14144
e2YNeXBDtQQ,ok,33305
_Nrv47gUojc,ok,9200
zRCl1FqzTao,ok,8267
xauLV_WHXgc,ok,20367
Xdw5azEqs6o,ok,16225
JVQJ-nUGT0o,ok,28221
pJuG5YtVF84,ok,24025
MMIUGlmiIqU,ok,16351
jfe1Zl-5EQI,ok,25989
n4SHxYzYvPc,ok,7226
eCSzHYl8apo,ok,14396
mbIwWiLY4DQ,ok,26723
7UZushUSpLQ,ok,5998
txWaMpSzHhM,ok,49052
u1be0a_Rjd8,ok,25167
VNsh-8cS2Tg,ok,13037
U0uftXzvUZU,ok,3869
GoDgI0Jqf18,no_transcript,0
5w4B8c6fB7M,no_transcript,0
gcT_nyGkP_4,no_transcript,0
yW7lMqTISSk,no_transcript,0
jVNn3IfdH6A,no_transcript,0
vo4uEK_B3QI,no_transcript,0
8UhXcKHisjM,no_transcript,0
aohz7FwvSJA,no_transcript,0
MtUbEB05RVo,no_transcript,0
tX_cRJ-qmYs,no_transcript,0
dYl12SOBblA,no_transcript,0
6svEwI0rWUU,no_transcript,0
0FG2KIFtQjo,no_transcript,0
QPMcBuo2U_E,no_transcript,0
s4pJYZfZzDY,no_transcript,0
ZUV5FO3YCvI,no_transcript,0
1EPIbySt2xc,ok,103492
Mnu1X9shJIw,ok,49730
msN3iuNN_IU,ok,94198
GhsuqN-RMh8,ok,85116
-KcmoPm_skg,ok,85654
e6rny670ono,ok,88574
mIfrB1I8glI,ok,52538
UvXnnFPB1TY,ok,143506
WFTiEq8YsCc,ok,53016
1eKDjjAdHnM,ok,11034
EhhjOkp6Z6c,ok,9176
nq2lrxaKvIA,ok,15939
CI7wQiaR8bc,ok,11541
gOImkoH-Uvk,ok,16856
AhaMh7o4Ymk,ok,17736
tHt6lD45GnM,ok,15009
o_jtu4AYzvw,ok,8957
hDp2fwu5uAs,ok,10299
ZNNXmn2bz_8,ok,11301
IqQrVXa5G70,ok,12169
XWYy9Je2NQA,ok,8306
atsTbXZB6hM,ok,7470
EH_dffnJSfs,ok,14145
dLPZwp73zao,ok,15191
WvpCMTjAe1c,ok,9202
Mw_TrQ6sn-0,ok,4907
R00aE060t5o,ok,4050
O7LDTshfwwI,ok,10236
qDmNta6NSfk,ok,11494
1QwqMRdnvsA,ok,12286
bKvTFaT3tFs,ok,13017
7BQ3SoMGafE,ok,5598
ds6-3cpFdhU,ok,8303
jYjHngjP090,ok,9852
CxvevTGzuCY,ok,11425
OpYTwrIP3JU,ok,5898
r1thAdo18ao,ok,10967
mnFgKXUo96E,ok,11940
5vWAtHTVPyE,ok,11327
wsKJQXyGnTQ,ok,7369
OnocDRAKOxU,ok,13910
NR2ECJ3gZTQ,ok,11910
GbLhZyOT6W8,ok,10399
GqAr6Dj8I6k,ok,22845
uK1DC8XtVo0,ok,8118
d9m-j0Ti3oM,ok,11263
zAs0p7PKLQI,ok,7104
VjfEVIcNvIY,ok,10651
2K-K1oKAqY4,ok,10417
cvb8QNWYf3Y,ok,711
nhBdMHAM0CU,ok,10247
TZsKQYrZfIY,ok,6173
5wff4O6Yne8,ok,5829
7c5AyEAXJ_0,ok,1994
tpGyKmjFJ3E,ok,13312
MKNP9Vxb91s,ok,17918
Xsxjjhbztjk,ok,43990
1z94xIL3aDM,ok,9392
bLWqGXHKBlQ,ok,8640
Ygc7X_O5u9o,ok,9053
J16RKSIrsX4,ok,16928
WcbuNFsv5Wc,ok,14751
0nFTpAmbnLo,ok,14566
5q3Rxg4lAD4,ok,13350
jpeTFCBYIw8,ok,8526
WQDlS1nMulU,ok,12796
Ffil9oYcHqQ,ok,14451
wSzBO_fJNmw,ok,8969
Fhpd96FwatM,ok,16266
U7h66ocaM3Y,ok,16230
bbHD39QBwyo,ok,7970
VTruESW0_Sw,ok,7821
-NlKmMrKlBs,ok,5594
flB50MoEn_Y,ok,12462
as5ECmIpCq0,ok,14752
EVkznud_nMc,ok,16757
pBspkati584,ok,22836
rse9xVchfJQ,ok,19108
X04TNeOkOME,ok,11998
d8z4QIB6xRs,ok,11620
Myw--q9QJ4Q,ok,22382
sCCtnV2S5fk,ok,21344
EXvwTI4krTI,ok,20919
IUCNH5Vjnng,ok,21526
dkOyu_kLKjE,ok,73476
GXl6IS4fSOE,ok,69915
KzVbXzkoZkA,ok,87367
car-TEeoFDY,ok,14589
phfwugk_IxU,ok,37876
t-_T5MTl1FI,ok,34339
TNVIspG7rKo,ok,26039
an15XMsVPrg,ok,27766
vL9gqlNFmO4,ok,13584
Tqf1Vhn-FPk,ok,8969
818QuDR1A7o,ok,10924
fw8gzxbhUD4,ok,12218
GL11WqJJGcY,ok,7513
eus1S2EUiz4,ok,5910
EXtQsov25_0,ok,8025
vUr2YnCzgPs,ok,6772
ahB8zyb77eg,ok,8929
jwEL2kk1lr0,ok,12043
0FFEoo9foDo,ok,7396
6T3YG7IO0WM,ok,14714
hTA5y_ktpWM,ok,21345
7syq_ByZt2k,ok,11859
zkwgKTMYbQk,ok,8131
RbSxxUV0bNM,ok,11250
fbi39TLbPj0,ok,15587
mQhAW-n-nwI,ok,25299
Yq3Odi0sars,ok,26845
ab4rvoWsb5Y,ok,27400
EN4ZAjjisM8,ok,12849
qu6IDAOVvjg,ok,4970
XkpbQVBLESM,ok,8248
-K2D_LN8zoU,ok,16645
uawJbJlP0so,ok,27963
rbisbCvB9mA,ok,35447
d9cYF1Ec3QI,ok,15472
J6p14ixQQD4,ok,15278
pRY87PI2Zbc,ok,8766
xyxGSiBQgcU,ok,19957
E_laCQcr8CY,ok,25598
RFDJPyGq0es,ok,35979
j8pu91GL-6I,ok,20450
2eGpJ_W2BjI,ok,22809
TFN8UuEpfak,ok,13480
UOxAKYARKio,ok,30218
-kiecYoXCp0,ok,16174
NfOq4bNXhKg,ok,24010
tdQUbY5v1u8,ok,11639
-tCQyWh9jKU,ok,23098
SYWefu9_K6Y,ok,19975
cQhupZmFJTs,ok,15569
wVTeclMlNlA,ok,18160
dGKkbxIQF08,ok,23799
QimNiiSNdes,ok,3189
llImKsCiwAI,ok,23568
BZXGh75CWT0,ok,19634
3WydHo_UYQs,ok,32445
ej6nN74tqMk,ok,22000
NYqs9kBoSm0,ok,16904
qq-e7RQJbD0,ok,14193
lT3LODtg5KM,ok,22722
d0pi75mlOFM,ok,26682
4T7B44xmUxY,ok,16049
kJYia4HLwEg,ok,14559
KdupMpbl3Wg,ok,8117
iaRT0soPdhs,ok,16327
w5xBE9oFs80,ok,22760
xtlKmN8G8wQ,ok,25725
IhQ21QbaKsg,ok,16855
z90E4L0S4Rk,ok,17184
UeMjFw-2ijY,ok,16719
mP-ydUdkr8Q,ok,14542
pERUONAbs2w,ok,12925
lqunX_t_LFE,ok,15602
vKyL5e_KTws,ok,15516
BYJ6huTt0kE,ok,16474
NxjYw-7meAw,ok,14382
aSMSgMZD7yA,ok,12058
RJ_GiHoloWs,ok,13446
wkI9M5iCzGk,ok,18735
e7DN5YgqJCU,ok,14221
Vfp1IOy3GmY,ok,15709
sHiAWZVOWhE,ok,18767
bYj5Xla3b2c,ok,20323
gUwUJWN8f2I,ok,40229
tX0SP9HHHsA,ok,26040
86X77msD0lY,ok,10801
1bOSP_Tz7_g,ok,23359
C-Gbr45bT-Q,ok,10454
5W3CR0VizrQ,ok,15334
eXPoceS25uI,ok,11560
nKFnunEe9vQ,ok,30278
8ehRE56BbQo,ok,14522
7nVR-Yn-kJw,ok,19726
2hFKXOvh4Vk,ok,21511
A23TIiC0PC0,ok,17508
gByv7aiVchA,ok,14640
JpP3Zl5Zc_I,ok,9387
q2cXzSLqyk8,ok,25503
6TrXKekFeS4,ok,13808
xkrIfB5BrEw,ok,8179
_8GKpRSvua4,ok,20660
lTU9KVED6ZA,ok,45856
S-P5Yg4EQwg,ok,37733
-xgoZstoNt8,ok,17682
c5eC8WFlXMo,ok,16855
_xblR7ezIUs,ok,22584
v5OPXGruhcw,ok,21712
6cMrlp-VvPI,ok,16888
JjGORW4SZwE,ok,41499
I83D428-Ycc,ok,15128
dZD_sMMfO_8,ok,12421
Rok6qnel2RI,ok,12227
zaSSqQm86E0,ok,23932
P0rkmu0yqhE,ok,17981
aNu3cwM626w,ok,26648
5tGbnbYFKKI,ok,30122
USBVc8yQyaQ,ok,13708
Yn6akAKjKwQ,ok,36422
y6GPUZWTiLc,ok,18282
3U1PJWnxry8,ok,16168
h-WbWnWzP7E,ok,16431
HZJXNxq6ZkA,ok,18670
-Vp1PyRpRzs,ok,21280
DL6uv_59k8I,ok,34488
qQdxAGMb6WM,ok,16488
l9ZO7tYpA3I,ok,11499
O5mkEOndt6Q,ok,20311
DJ2V4RZdi1c,ok,49543
PJZELK7Jusg,ok,16963
4rp2mFw30eU,ok,17107
QUHlMjgx7To,ok,42449
A9E5mGNhFqo,ok,15593
r6R_0Dbbv3U,ok,15655
1ZICHkilRvc,ok,19839
82by35hldtI,ok,15284
KdSr3LshiH8,ok,19817
RGOkkUD8lVk,ok,44847
64K-vK6ISUc,ok,19651
4u0snonJhSk,ok,11401
VoLYOHtjKpg,ok,16584
aJiIoiqXQDw,ok,18391
H5TxMBDaoFE,ok,40735
_GdE9wgYeNI,ok,22656
Rl2GN6j_o9Q,ok,13187
ygFJ6KC2bG4,ok,17008
5g30dmYlT4s,ok,15871
EIGBhXge0cc,ok,19310
uGGQ_TDZTzs,ok,11264
cafLK0I1NdQ,ok,46992
mFtJl2sOqY4,ok,12315
PnPTBd-WP5A,ok,13212
I-UNyD0gg6E,ok,14570
70QwP-rMwzc,ok,6046
DLTsw08RaOA,ok,11557
o7nIRSHpHTI,no_transcript,0
c2lXlSmtI5M,ok,7560
XSFtmK57tSY,ok,12460
NwY37qOP2ZQ,ok,9352
6YcgXwFsqcw,ok,8578
tHIR1nWYQv0,ok,16187
2_UagwPahF0,ok,5538
U0PoZbe9AaY,ok,10444
yd1btlV69uM,ok,8064
IbeoWnsQeE0,ok,9834
UVF8jB7Kirs,ok,11445
Dvzcp2vx53w,ok,13216
jrAWgD3tdCQ,ok,10440
JKgHSXEhCTA,ok,5326
-9uZXft1JNg,ok,8706
i9FKr1SBEXQ,ok,9103
60W-lcyO_0g,ok,13762
KCwpEchzOno,ok,7428
1vGVwEaIBag,ok,8490
mV8DJsRY6xU,ok,10268
_0V-0b3lB5I,ok,9166
V3tuLIxm000,ok,10436
WHOuzE59ynY,ok,5237
4PS7nvrTkhU,ok,8385
NCcWH-p-rmI,ok,10277
xu2fIWd_lls,ok,11628
2vgYLjJ50FA,no_transcript,0
0uunIYE_wVY,ok,41451
1Z8U_FVpp0Y,ok,7099
5-68EgsyKe4,ok,12468
bCGkZq0BHAo,ok,12383
IbWRe3UjiVM,ok,6918
v2cjgMALpH4,ok,7581
ht5hQ-2JE78,ok,12734
ZQliosBYEWs,ok,12199
V_B1TUeb-PQ,ok,41760
Il4d_N1WqVo,ok,11317
ctZWjU2WYIU,ok,29905
3u8oTU9EfzU,ok,10931
cLxuTsx57Ls,ok,27751
Ywpsjf2E-gQ,ok,10131
sVmtQG0ZHGw,ok,11505
hlSK1P1jl6g,ok,10125
3q0Gwo76w7M,ok,9524
UwwuwDZXshM,ok,13622
tVOwglQY6qA,ok,16747
3zkDpp1WrsQ,ok,24195
fNiQTdy8a2I,ok,11248
Q4sSS9IiVDk,ok,18260
EI9FSNf_LOs,ok,10335
dvUcg_4jI0A,ok,9900
pxUH6rv8DDU,ok,51965
nrnjExwKHBM,ok,13031
AEbVHCyatdY,ok,19521
9xyzglh75TQ,ok,10943
01pCHM7ZmDs,ok,18489
OrgNBf90juw,ok,17182
h7rZrWPIhWM,ok,5890
_MI3bz4SJ3c,ok,14149
XrPBlOtac2w,ok,54093
0w-AD0us7Lw,ok,24754
Kf24AIFM1Ic,ok,22212
RpoBINs58qw,ok,23003
O90tQHrHGaA,ok,18774
28dBpi2QoQg,no_transcript,0
XdUs6ps2Da8,ok,15155
GUKQn94p4JE,ok,17832
kwE1aG712JI,ok,13401
ZySsmxsG_Ao,ok,20944
pxn9ZRWd2Zo,ok,64884
gE5b6AuaJVw,ok,9991
Ik7ZU1sCFWg,ok,4557
RTwdtTp757s,ok,15921
95BN4oTqvg8,ok,12840
-0slMH7N6eI,ok,94515
ro9eAomQMB4,ok,11894
RdPUySF1gFY,ok,24336
me303F4vrAw,ok,24490
Oia-l1OZWEM,ok,19221
KQU4HPH4S_4,ok,18802
ZS8x6xK8-Vk,ok,73287
0nqlIy7YlbA,ok,17357
-Aj8oowFAFY,ok,18230
3oWICthOv9o,ok,13983
iCdrNNVSSVA,ok,14682
80U8iXUqA68,ok,13448
tZH65KeM01o,ok,13158
fy1NpvXJq0U,ok,37079
dHftsc_yOmc,ok,15328
bBbLDR0amhI,ok,12796
9SdpXZL8_c8,ok,8942
C-ORrrL7uP4,ok,1985
BMaGwwqgs4U,ok,19409
j0gLiY96QIQ,no_transcript,0
FdAKQS9GJFE,ok,27830
_BMJ9X9MTjg,ok,14865
_NwaMsDrdr4,ok,22086
wMwlXFrXbZE,ok,18394
iOssdSsAlus,ok,12704
zN1d0q_H_Qk,ok,15463
7NonyLXEieU,ok,22835
phKfwBsIYtU,ok,17482
8prXUf-iS_w,ok,14795
G9lRdz0RaWE,ok,19158
kKy6mQdtrkQ,ok,9840
cJb9Vpo_E-g,ok,15143
p84JDvkDPRQ,ok,13653
RLCsZ3mEijc,ok,23184
13B7gvnYTyY,ok,7545
BEM-rXOdjok,ok,50301
YuNvqwJftVY,ok,114314
PRyGxAFLBEE,ok,22387
aRaxI1D_qgg,no_transcript,0
xaMvGYe-u8o,no_transcript,0
UjhfrUpMuM4,ok,41677
WJtnRck5t0I,no_transcript,0
fjgkiAs_-3E,ok,20205
1NZS5CqCnj8,ok,21594
OabgnxTfsNA,ok,10621
iDwPLEjff0E,ok,10483
J6RzFicX4o4,ok,13905
_xN1WSCd-pI,ok,10173
enRNk6yBKpo,ok,13251
rynggkVzMfY,ok,7903
1yAuAExwTyI,ok,39236
_bL25EdLyas,ok,11188
wMIDHVVsOJI,ok,13780
ubdXnjZPtMI,ok,9088
W3P5DcGsYWw,ok,7124
ftk2HH7k_Qk,ok,12466
XtSr2deWlbw,ok,10701
m7ZlOygzub8,ok,11737
R_PytsLKOFU,ok,36472
mpwJiJKzKu0,ok,41316
_hqVQFDdy0o,ok,10918
03ER04RcKs4,ok,16551
5h2_iMn7mSs,ok,7168
gPSVaPBJRfM,ok,23595
Zg5P22_IvN8,no_transcript,0
1HEleruN0lU,ok,14100
60rF11Z_8mQ,ok,20042
9_hZmiVm09E,ok,15610
tAdExRbatHc,ok,10170
cZUOv7-oA8o,ok,57228
PWkGpDlBZZA,ok,51473
j5nHtWHNJPk,ok,22568
jdy_-bW6nmE,ok,24321
PwfDuTivj8M,ok,15760
DrVtD_JsLHg,ok,14468
RwChVmzL4ZI,ok,41064
UYcxGR7MpMo,ok,31231
jNlqblruYzA,ok,35334
RABUjMVS6pI,ok,21518
k3XAYDIq_Dw,ok,38087
9OK-AaPJens,ok,34681
rpHwYKn-woQ,ok,40583
5xc6um0rIMk,ok,14416
obfEy0ChpWg,ok,40100
WFaiqkwgVjY,ok,52683
afNhgCc-LCw,ok,76325
HRYd26U6Gbk,ok,23835
SwkXSGUHvHY,ok,20208
_L8yQCudzSw,ok,45968
7jFB6MUNNJg,ok,54611
ItYeKXMzGHg,ok,66375
z49zgiYuiW0,ok,61280
2-teeFWJk_A,ok,25443
l96JlF0Qndc,ok,25242
qDASRVZQyak,ok,20045
93-JpzGTWCQ,ok,44050
Rq0LSX4Je7g,ok,32171
KqqbeeA8Kec,ok,30492
ywim_dUSXe4,ok,79449
poAsmyf-anw,ok,41375
j0vhjnJS_5s,ok,20767
4VT9hb4JrKw,ok,35759
TRRNXOWDKPs,ok,26845
txPT1JwFUJQ,ok,34277
6xIr761eZj8,ok,46883
Pnl7ItPyeUQ,ok,47336
wNllo3gydng,ok,46334
NYKo_tA0ccE,ok,10021
ETLmUJnaNf0,ok,19769
vST5nPdj_qY,ok,13551
JERV-yHfl4k,ok,22789
1zBC9RKwfeU,ok,33054
Qpv92Eebky8,ok,19483
67gb19mq3xg,ok,19141
J5Z7DxyTVAQ,ok,20009
-4fKwCIgADM,ok,22828
K06k5iKStkU,ok,57440
3xOiJ6vimNo,ok,20149
VybggfX6Fr8,ok,22802
XgF7Ci83ktg,ok,50919
9zqTWMFQWdg,ok,45878
vUF4LAzvC5k,ok,23032
qgEJSkUtsTM,ok,16929
Wz0i1m30grw,ok,15200
gr2bWuHp-Ds,ok,40364
i0j2W4RqtpM,ok,28968
qCRNRcU2h7E,ok,23678
rN1fr8gSoDY,ok,27452
wQbLESJg-qs,ok,26545
XIQUoLyUWuw,ok,35868
a4YwvrO6kCY,ok,25735
Ho9qjJ80EEc,ok,27805
tyvWkAwCbEM,ok,23005
CKrF7yrTUzo,ok,19885
0zXUMrYyTx0,ok,42332
1tkW1xVKtK0,ok,20990
MJQv3jOuv9o,ok,46770
RoSLtX75bOk,ok,70318
t80cgxuegv8,ok,54482
wvXyCcr6vbs,ok,23023
CpnFiB82l9I,ok,111676
OULVfPKGb3k,ok,19197
TJMJOj64bJg,ok,25982
zqTLH5N7S30,ok,24583
vwfHSJgXPYE,ok,17741
QgMU0gjoA9g,ok,51625
ol96BIuf51A,no_transcript,0
3nKG-Y4Wk7g,ok,23687
lVRsjPoFtds,ok,52270
QVuLuy00IJs,no_transcript,0
F6Lr-jf5mFs,ok,20309
Sx3Rdi51vl8,ok,48266
vElAQR7dhUM,ok,54282
sYDAU5aKYO8,ok,39591
HbagQo3VEbU,ok,16579
Tq53OSwVklo,ok,19986
kfUkTDUeUQ8,ok,28035
UwjyQpl9hQU,ok,24742
PC5iDYiP0jw,ok,64479
oEaUi66jk7M,ok,51830
ZfwTJAMLroA,ok,86561
U0fmwn7742A,ok,48487
HAUuYCSAroU,ok,108222
FsYzj0wqEoI,ok,30001
L9i3_ddOiVA,ok,11253
Lp_HLbsRW28,ok,13754
QkCZTjf_TfY,ok,56991
flnfhXnJ_sU,ok,14096
QShhOUa3-cE,ok,870
N4755FWKNhM,ok,1196
Z5uEU-iFqsg,ok,300
pKwlC2DvSiQ,ok,1249
6eU4iYh5xTw,ok,821
booI6io6mrk,ok,854
3oAWG7rRLHo,ok,511
HAUMX8jFkEo,ok,1086
6d6goYItFds,ok,263
96qM5iyoGnc,ok,315
q4hFWknuLYY,ok,442
3x-A8JsgW5U,ok,817
qzSL8PtNylQ,ok,461
jf9Lb-fuA7c,ok,1289
UKhVRPkKK1Q,ok,1012
O6PM7ygWCXI,ok,765
cy0Wl9oGLAo,ok,872
hutJTEEaWNs,ok,783
6xVvZOaUqIg,ok,837
gQSh61f3UjE,ok,552
7ztvQctVLfw,ok,863
5M5AQsdsO-o,ok,988
W_9cjSPjiaQ,ok,594
G156KCnOgYw,ok,679
fNu5W37ramc,ok,703
z_nTBaX-QGI,ok,240
VpXZez0qYHY,ok,964
gSpdBefMu-8,ok,856
_uwQS3k7-4U,ok,830
rd8_4kBZK8c,ok,946
5XLiTd0Lc4w,ok,732
IV68FiaCyFA,ok,609
PfrQ4MviWo0,ok,923
GpbtGMc-cT4,ok,347
dyLVF6fsB58,ok,1257
B9bbzHDzrlM,ok,1251
fN0Uz7DHw5M,ok,1289
N9zhdVnPf8M,ok,534
G9N49TMCiWY,ok,1026
qMHm4NUoFxM,ok,1538
haG7T06feT8,ok,977
pgR1LSaDZ5U,ok,463
o-Hqx-GxMn4,ok,1081
YTPrEWABrGI,ok,856
11-3_F4fvVM,ok,837
pIBy13JarYM,ok,899
tQU513I9BkU,ok,821
-j5aRiqtmig,ok,838
aF_XkBsnzkQ,ok,421
l5pBihz3TQU,ok,1289
rRiNAGBJ3II,ok,468
_qi8CleZ7cY,ok,355
Src8kE5SRzs,ok,747
GLEiKXQtL3s,ok,799
Fx_OvMpf_P8,ok,507
X3gSZVrI_50,ok,559
jUk4UfPIHDg,ok,673
Jda6OSN8qwM,ok,840
FR4P05F3msg,ok,988
GMsotPO01kk,ok,809
SlLz0dB4qaI,ok,901
eV68UIsEXpk,ok,522
JonY_wSOBB8,no_transcript,0
sTZ7fNT6_z0,ok,919
-lBvZJRs6h0,ok,659
--QD86PTCxc,ok,1045
-cOUFqvgYxo,ok,1083
doDAPYRbeRk,ok,1159
NJJR_hyADEQ,ok,1002
oCJupHF6IhE,ok,1188
g90kA0DdXXw,ok,1052
Z-N9lCcxDFM,ok,1233
KFJ5rX-KukM,ok,632
dfua_xkTj2I,ok,1093
RaMw-5Vk6ak,ok,1161
iXr5V_PM5XU,ok,1073
k1xy2koW-J0,ok,1047
lczcGtK5IAw,ok,1045
_XXj4s0sNMI,ok,655
jnvVOajJyvk,ok,1161
g8NeWQrOgbM,ok,863
jJp153fAXho,ok,805
xJHil5kPk7s,ok,676
CmB0PYLGQ_w,ok,854
9DL6uVl4fY4,ok,572
j68vrP1XOrU,ok,1246
lnydAmzYNHs,ok,618
eqyyfoqXueM,ok,850
OxbdE17RmtU,ok,626
G54paZrpTZ0,ok,1052
X1RKNI1OOvA,ok,920
zSxkFXe2PjQ,ok,1354
lAVZRhW5YmI,ok,867
p7N0ROa2zyY,ok,647
NQxSLaglJN4,ok,1283
FzstBEujQkc,ok,1680
g7c0zbT0bHA,ok,969
534Em8VRmUA,ok,1120
Nb04zJUe9H8,ok,702
tzm3SRXY-g8,ok,984
EMZBFHx4dvg,ok,1421
cSxIYXl6_V8,ok,698
2_gc2LS7RP0,ok,800
xiSYeo2p76g,ok,941
_p04iNmORWE,ok,718
DWxPBNWaagw,ok,1138
8kTemJQAFPE,ok,1132
2OUXHpGt07I,ok,609
Qi5bYZ2yc8w,ok,635
UGIE5ue0ZWM,ok,1064
286pmTRVOzs,ok,937
zeli2pJBCiY,ok,589
a0KN1P2-Ibs,ok,541
ex2zbm1NLtA,ok,896
ts-3WAJ7rPs,ok,562
v5ucoP4hs-0,ok,936
2K1w8EMXr1A,ok,1112
ZGDQKk4gBgc,ok,1517
P8pv4TZPRqE,ok,644
jyAGeXar96Y,ok,818
MhufwrUFvzA,ok,992
wHB-o-vQay4,ok,574
-WSMyWr4ILg,ok,1008
SQ_6R3WgxlQ,ok,701
q0r2I0fyH6I,ok,1013
_YxF1p5U9wk,ok,526
-uhsWPSFsx8,ok,743
YEsY7ijMfck,ok,1116
JvcOwT83nJM,ok,611
7BZtycqM8Tc,ok,1430
Gwluel-QFTQ,ok,1236
HXAe3IhsQmo,ok,377
-E4GFWozCtM,ok,1543
VvgI_yCB-VY,ok,776
FletwPgWzHg,ok,1155
XEjU5i9gtIM,ok,579
M-YUXjgNqTs,ok,954
qZieuqMwFLU,ok,657
XfC1UkrWN5M,ok,537
ia5lNX0sYA0,ok,1011
RJmEosMqLL4,ok,807
HpUIGaOfzj0,ok,1619
4cT4ujwuY80,ok,543
Oyl6oRP8-qY,ok,567
L3MlCrXvJhU,ok,661
u8wLBWI9jzk,ok,338
9HDoZDAEBE4,ok,1073
-b6R90tTyr4,ok,989
-FESHqHy5FY,ok,762
7XIg61K4VcA,ok,564
Ut13-n9g7VQ,ok,398
LUSItwMFftE,ok,281
0n5XIzxoxuw,ok,1155
hRPKbTA9Eg8,ok,919
9MbWukhE13Y,ok,600
MXAD3Xpm7BY,ok,673
fHGsmx_Us0M,ok,1183
lIl6bTIO6sI,ok,639
aAoKuOx8xU0,ok,1654
z7RFd126Yrs,ok,378
iK0gvNkHwxg,ok,542
hHuDrXz2ZbE,ok,688
Ax43xEASqB8,ok,533
n_iyeb_KTK0,ok,953
4KBYZgk0V5I,ok,728
v5JQA05Ie8U,ok,767
xhcPpyBogtU,ok,803
_hrtkolz9Xw,ok,826
KRUUoavIUtA,ok,493
BAXdZ7j-S-I,ok,704
t4BY-h8smdU,ok,466
LGjjdcuHIfc,ok,604
mVjRgZ276cI,ok,747
UzqdfYmDuWQ,ok,800
P9rTTCSQONI,ok,678
DbrukAx14UQ,ok,1031
Gis0gKcnQsI,ok,403
TvvZ2KQdJ_A,ok,1761
iSOCezifrtg,ok,513
-kDmWgS96uo,ok,662
6GDEGfGJ5GQ,ok,243
wzI7J_efLCw,ok,570
JuiS-Z3QEE0,ok,848
jDiMjBYxubk,ok,1435
-qfzL6K71e8,ok,892
7Kq6Hl-V7cI,ok,497
wTDOadUAgeA,ok,86
HJPb7TqLC_Y,ok,444
_m_m0L2FVYM,ok,105
pr6w7dT2eBY,ok,312
pTAdpVrh2M0,ok,481
-vK6StNRA-g,ok,545
MlZsz6DfPGo,ok,335
_FK6by6aooI,ok,572
6mMcrnqykKQ,ok,596
NZ6jD5QDcYQ,ok,594
Y8ZSKwONTKI,ok,829
R3zpqCGciBc,ok,879
wnoNr5p-Kmk,ok,686
g3AmwO3PGCY,ok,1119
AKKPTtyhDzo,ok,926
ERyJBUHlz4I,ok,840
J07oC-d7JgE,ok,590
9nD9NwBfX8c,ok,928
_RTq27YihuA,ok,410
BB8SXY-Lqck,ok,881
uiBZ3ZX8LBI,ok,972
4ErjMeCOGKE,ok,576
TAVp5fEGols,ok,483
qXVkw4ZEvFU,ok,767
QePht_xDezM,ok,1041
t_x65_zTF-Y,ok,602
AkLg9KbWoYc,ok,984
JVn6RVaDH5Y,ok,1785
MFFcRT7QBeA,ok,1129
HtP7DFvUyA4,ok,885
UQM5g6dbrRw,ok,436
qY4oUYEqutk,ok,692
eV7mj0vYW2Y,ok,303
cD-lKUEYRjU,ok,824
FRKayxrQMdc,ok,611
sNgmpvUTRCc,ok,939
CG85iryihiU,ok,643
mL6nwupRaDA,ok,547
Mu_E7TZi62w,ok,786
xnYqMbwZns4,ok,747
ljr8lH52f-U,ok,514
6mqsryt0d0E,ok,487
UzA1txyqUB0,ok,953
VrTcNniCHTs,ok,384
nJS8TBoYmf8,ok,845
8XEslo5Zz-8,ok,390
T6xBvHA1fX8,ok,647
0wX5NEMNIjA,ok,683
Oht-7N6Dcxc,ok,794
R2KjQPHE4Mw,ok,669
03A7YywM4e0,ok,416
AC3UpCre440,ok,619
ze3wLotqzW8,ok,689
uAjxK4XFPcs,ok,554
83browbULao,ok,1061
nPvzW_C4PIc,ok,503
ZTwd9X0isxs,ok,818
_MF6UNfHGY8,ok,864
BtIsL-iQEyA,ok,1249
Dkytbz_dxCQ,ok,1234
PKHx-3uBr88,ok,948
FGKM-60Dki0,ok,784
FyGdWIgEb-I,ok,862
EK0iDTs4wg0,ok,379
BSmq9udkk4I,ok,803
hlS3Y6_l7Ms,ok,1203
JDGOKVRbQL0,ok,443
AFxJpR1qZIA,ok,941
PkWFUu2Lnqk,ok,1957
rEc2H8cH-Z4,ok,718
ewrE6OGYY5Y,ok,741
3a7ftGH2DN4,ok,1002
ChcHKl1hN_0,ok,951
Ubj_xN8EQC0,ok,908
ceEWO9RFly8,ok,1416
BctlNdAjZJU,ok,683
SKfQO8tyS54,ok,452
Kaf2yscidYg,ok,826
SgLe5tS5Wbg,ok,1054
vyIs2dTU5Lw,ok,475
j0SNjxlnm5s,ok,895
yqGnxn29YB0,ok,819
H5fHDyyxXs4,ok,462
r5H9Ba-QgJQ,ok,1179
SWWZkYVAMe0,ok,350
cMLLt6sDPMM,ok,2047
5G39n5IZicc,ok,788
AnPhWwMPQCU,ok,2459
VSXkqxmN_m4,ok,990
X_b93BYk7w4,ok,821
pMQ-wER_Hqw,ok,735
LaK9HkjkvhQ,ok,963
U9LH0FwNMY8,ok,738
3c012pxVzyY,ok,476
PkFKo_sW3Lo,ok,496
OaIbUVqkeGA,ok,774
gMtaabdM4Mg,ok,874
_NtK6oj9IhA,ok,1001
tA1Z778VNC8,ok,754
Tn43wRqJRx0,ok,706
wlRzSuHu36U,ok,923
WElRWUNEJAg,ok,751
uNTT28OuGvo,ok,398
LnUC8_HFIr8,ok,574
5CBZqUgiiVM,ok,687
JTrNaP34CxA,ok,630
r_6ySgAaYs0,ok,455
KjlbnxBrmnc,ok,890
_y1n23y_nqo,ok,1020
RVLak5dqjT4,ok,912
WGpIjI9l3m8,ok,846
Kt2ht9KUYCU,ok,1178
nwQK6AlJFa0,ok,1225
oxWTftIHBsg,ok,658
xS3a53PWxj0,ok,683
f_wKbNo6Sgo,ok,805
hPkB55ClAwo,ok,647
OXRtQIQ1mxk,ok,1089
sryQrhWN2xI,ok,887
1Cqg1lWlwlo,ok,1031
oU1Zy95Sg28,ok,1048
BcbGqpKnCGI,ok,811
E93lf_la3nA,ok,796
oo7NTSSlPv4,ok,883
UH2Q2AbaUro,ok,957
eVBuuDX2dJ4,ok,866
cyzp1hbu-Ns,ok,925
YV3Fj406JSw,ok,968
vGGXzJZ88Ns,ok,1022
WCX3lR9-lOw,ok,1004
z6yDsE7ofDc,ok,960
Zf5u_Mqj5Ts,ok,978
SInZlTaTpq0,ok,867
ZqNYvNkg0_I,ok,894
WHYogXkeujA,ok,741
DWhWZi6uigs,ok,644
tagVkMWEyeM,ok,877
oRl6KMnnU1Q,ok,1050
92tbwMJTj1s,ok,872
LZ0ZZfGAJvE,ok,966
GCH6OBStQzk,ok,666
nuaNfpc92lY,ok,711
_TECJZOKvW8,ok,1134
nWYoJ6tCGpw,ok,901
T3-pKMFW_yI,ok,949
CVuRDw64x8A,ok,969
0L9RMkVirDY,ok,745
_WjL2yRwTDs,ok,1020
zIKIRFdvrd8,ok,878
keQrMDbU5as,ok,731
6JCB140MoeE,ok,824
4AqB2KFDXZk,ok,1058
fvH8aglpj-c,ok,767
5LYIohByKp8,ok,761
CpDaFRbaZ3k,ok,456
XcOv67b6Yfo,ok,759
yMkJp-MjZEA,ok,583
WLR6M9dqbmQ,ok,979
ysLgvt5Sq80,ok,943
b9jngbOFrNE,ok,1060
fATykjLGpsE,ok,765
PI_jtZbOADs,ok,784
uTrv_duRU6A,ok,1005
UneCs-DNkDA,ok,971
XvlY8DEVhFU,ok,993
ZWOKCwDZJlQ,ok,588
TYPWSo4cslc,ok,1116
aCVsYVIFKtk,ok,763
LdH0JqVbOFQ,ok,985
Xtb6na3UH8E,ok,973
ubSj0jEhrtc,ok,873
LA_7gzZyRlU,ok,911
JjBG6Z_gZ9A,ok,936
KjGuEgZ7BHM,ok,876
ZQDqWJf_CH8,ok,991
myShsqcBfNg,ok,824
fqMWd3Di8hc,ok,1119
voduLH85aD0,ok,916
lUy6vbGTV-0,ok,765
9tt76iOUmQ0,ok,1121
B0xqwL7Zt_o,ok,872
unH150kN07I,ok,553
prTLDg5kgJ8,ok,834
E1nQVTVw8iQ,ok,832
rYIUsQmkYWA,ok,1013
_KWqEGZ03GY,ok,795
fTfCPsEFuPI,ok,744
2nB1sCUDkjI,ok,593
rR6KUuH9dbk,ok,755
TI-xDErgLQM,ok,908
GCqBpyqwcv0,ok,772
PkyGi20Sf48,ok,946
bMjjDknuG6Y,ok,1030
mSuZVmvoalg,ok,934
Vercb0uj2A8,ok,921
YIDLIRbtib4,ok,740
AhppGrkKO9I,ok,990
syvd1OItDqk,ok,1214
xxFIgEmD4X4,ok,457
IuUzzWJplxc,ok,756
bJORcyz4kTg,ok,949
4IhPTs-ki5M,ok,797
NGxfqXmAkWg,ok,503
kqVYQ9dEHqk,ok,834
Y6_wVlH7oZ0,ok,1024
4RwntY5stKc,ok,811
DlA4rm86BfM,ok,627
arlY5zuV1kM,ok,1018
cMboWHBVBdI,ok,1136
_sPU_GgvQAk,ok,861
g_ZZZaTZaAo,ok,702
ymr6T2NNHCc,ok,651
ipkj3s2MY-E,ok,812
2u1EeuP06DU,ok,977
Ziwc4kymwjU,ok,924
pOh1HIDRNz8,ok,891
mL5gYE6HKJQ,ok,955
0MGLWheCJyQ,ok,902
lu6l6G9DpaA,ok,1017
OjVheLKrHuY,ok,790
FVSToNalqnQ,ok,894
icfGe0dE0NU,ok,898
ue29HClh_Zg,ok,723
iS1UJ56JHqE,ok,830
-Jb5Sl2jDxQ,ok,676
eRCLx7uhKgE,ok,1094
cgQ9IxnRUeQ,ok,1051
PnMLshFbFww,ok,424
5PO6z19Rjds,ok,534
l4Q93pNo8s4,ok,759
GZpazAScC60,ok,870
dXUlD5shQ0k,ok,989
TOmGsOG_tiw,ok,940
UzCzRSAcGP8,ok,981
J0zqnjWCgQI,ok,966
Hb-634PU4Ok,ok,899
oQtbuPoELOg,ok,1082
IRjdPULOa20,ok,1003
i4y2RT8CttQ,ok,986
fyjQYoS3s48,ok,888
Ypehzg4AaV8,ok,926
VlSB7O5Ai64,ok,932
PRlyQk7at3E,ok,857
7jFXL4jHHC0,ok,940
XsxRvtOvOcY,ok,819
v-nQbQc27RI,ok,926
X8AcfY6y5c0,ok,794
u0qPMZZc-FU,ok,930
tEHeeHn2BnA,ok,774
GKP_B7qUEI4,ok,854
dvaxGeJ_S4E,ok,903
e2AtjhM1384,ok,589
WoSKeFuLtqc,ok,532
bhkvFcLcmXk,ok,690
-kIlhf_p_L0,ok,985
CdMsPGZQKfo,ok,446
ZvGcYBY5VKw,ok,591
9uQ8euQ2B8Q,ok,753
1iYPZwDsKLg,ok,833
1_wPTL39y6w,ok,1112
2zg1R9ovsec,ok,909
t_sJX0ZE5NU,ok,805
SxFrjScCtgI,ok,916
NzIe0eO8SCA,ok,1010
-CzP5vDOKjs,ok,539
PQEtcs06Ado,ok,910
liZiYq0hp60,ok,909
k5QCGidr_HY,ok,870
5KpKVP6oi0A,ok,1033
dXgRaIcjqiw,ok,75
VZKgKa3v7VE,ok,598
cktNXkMHpFU,ok,899
CIJUlz6dkwU,ok,561
sM0KpftPAXE,ok,950
mtObwekQgdA,ok,746
gZWCwmzy_Ms,ok,693
t3jzPEZf8DQ,ok,603
DYaZJUeaLMU,ok,918
8ceRc13ocmk,ok,805
1R8rpaI7UQA,ok,843
Qrqrwpi2cgU,ok,663
cT49E8YH5t4,ok,919
UhqiMXCip0Y,ok,593
Zt_eN9IWRi0,ok,834
ZJeJSx0XoKo,ok,1008
HqLj8U9dJjc,ok,886
XB9HD5dpb6o,ok,1020
bbayvkGJq6g,ok,713
0wto6gZwhMs,ok,958
JEvh6SH6QN8,ok,896
UY76bWtJgZk,ok,917
Xjq8duGYONY,ok,672
fWkRe9Jox54,ok,796
eLzHbZtT0pw,ok,914
laHrRAqoNdY,ok,737
ubr85wAACVs,ok,646
bmHJ9r7mlTk,ok,465
rYqHp8vt2G0,ok,628
JKqjUU1b8Cs,ok,520
JAF_7ciG-VM,ok,674
_0YBnV15Pvw,ok,911
HQvUp3XOXGM,ok,927
6UDhfen1Ax4,ok,811
zxuk22DLEDE,ok,779
ttOx7TWTk_Y,ok,977
ZA6uIN60khU,ok,907
D1cvxDGUIHs,ok,960
FxDImmvvOfg,ok,855
UUQHq69acXo,ok,435
95kAGcP8F0E,ok,748
ozJbclbY0Oo,ok,529
a8CJpZtacBg,ok,820
ViEbrc-0pT8,ok,808
z0VhU3lF5oM,ok,780
-W3iaqqAGis,ok,605
Dxed83iarKU,ok,1009
TBNDCBz2Nr4,ok,872
OqbHPV6BVCI,ok,1036
QedV2t5APwQ,ok,839
XyC4QyrzFDI,ok,900
q489EEBO_0I,ok,961
mxl0XPnlcic,ok,1003
PINf2-GmYv4,ok,836
BsSH6nIJAOk,ok,415
fBV3Gh9BrGs,ok,634
yBi8DkKkEgg,ok,686
SZWk73hWgWE,ok,872
7Ee62RW958I,ok,864
lbSpUM0_77g,ok,665
Y82ejduHrDQ,ok,933
82_dskZQYu4,ok,817
CvO980gQddI,ok,988
v21qoYNw4Cw,ok,963
KvR1DifPcJ4,ok,1007
n8BFq274Z5k,ok,860
p0sPcw56B00,ok,796
0Q3IbRxP3v8,ok,986
lhoMpFIR8FE,ok,873
wcjztWOfVCI,ok,919
VFF0bulrSX8,ok,861
-0fY38R3kRo,ok,1011
xOov0Fs-Qzg,ok,759
mvygkT6zVu8,ok,838
BckIDnkvAyU,ok,961
DIBcRiY-DKk,ok,975
3mTyePH53Os,ok,801
IIV8MzJLExU,ok,670
6qKPteWIuPM,ok,776
4bKzKPLzTOI,ok,549
uwTqokvhdps,ok,1039
upfmmjZ1Lp0,ok,778
2Mc1O0MyQV8,ok,938
f8GWfna7s3k,ok,664
oyQzE4jZdXU,ok,869
zM32yOMfV-Y,ok,984
BhbVfKyIk64,ok,837
NJBBvLsonU0,ok,788
Wx2gKdVuuf4,ok,650
VCKUcE77TqY,ok,900
K-4-G48ko7I,ok,863
X1AZ_r85bqk,ok,965
HGrRxBylZHU,ok,636
z0gQ6YJI_b0,ok,940
blcJ7Vwdkxw,ok,334
A6Rd2j4Oa6w,ok,787
8b9kk99oGx0,ok,920
7NgKoB4-tMo,ok,696
u-Y56M4S6Lo,ok,978
UMbj_5D5eUg,ok,969
AN0nyM9lIoY,ok,729
TCtbnBji0T8,ok,689
Hn-xVs3WoTQ,ok,1000
EV3QPS0h5CE,ok,985
1ksx_Ys8upM,ok,479
pps5csZAxxo,ok,900
mUCeumXRN0Q,ok,535
FJEsKHekrOM,ok,579
UkF15sQhwik,ok,904
iiFT4dd7f6A,ok,928
P6E48nc6Bw8,ok,853
7iTKR5vGM-g,ok,900
LXLFzPE7eFs,ok,1011
Qx8Yfvdm1EQ,ok,893
4wgDevy2ODs,ok,614
sggPkr8OJLQ,ok,622
ZQvF5I94k7U,ok,1122
MB9AcDYFQYQ,ok,836
iT8M8J7u-fY,ok,542
K9stoF2TQx8,ok,407
IIVJnsIo7E4,ok,906
hfS7WPXOYLU,ok,849
Z1qt-eryBS0,ok,571
C_NW8TOIaOM,ok,832
KAuOsw35kJ0,ok,997
3wQpZC7rSKQ,ok,372
UmkQ-oZyd3s,ok,909
K7bt34_6gOg,ok,825
SbfWpcL0KQY,ok,874
SgcEYNm-OO4,ok,967
YA0x13YYiJE,ok,750
TY4ZT_i-2JY,ok,815
WbA3SHV4u-0,ok,867
Cz3Ap-ravtU,ok,166
wKJaNWcdAoc,ok,785
1jnSxHm2pK8,ok,290
jmKR47VobOM,ok,723
1OEOPIXrAVE,ok,717
NKfyk3DrH_Y,ok,841
SE5bxLpJiyg,ok,681
U1OuGdaUPFA,ok,453
G57Pzl6uAW8,ok,924
7Y2aqUjBd7k,ok,830
PR14xfYMAPY,ok,725
8WR2f5rc7ys,ok,672
I58SSL4d6Z0,ok,875
ph84B-YumIA,ok,775
DSxWWHRbD4o,ok,530
Uo7nKOvA0z4,ok,724
paBktF9nHO4,ok,275
xHGoqJyZnVo,ok,709
fKL_gfOD0VM,ok,837
Qh3ywkVChIw,ok,685
j-zPPIC5hYQ,ok,664
mSWZC-Nx0p8,ok,876
fQLVCnY-MLQ,ok,867
pGZzMKiNT_Y,ok,574
dVSUKy1vGFg,ok,674
6_o7YtKZR1Q,ok,967
NL1dSmPAZpE,ok,895
9ERVSE5kDRs,ok,795
psBxNg9-e8M,ok,896
Z7XjOiAOP1g,ok,800
wsWV90N7LBQ,ok,673
5_fwUP2oRCE,ok,182
In7ERZR7w5k,ok,611
aSJT4AGzOJk,ok,850
rpeZ8NAd79A,ok,941
GM1v78gXWSg,ok,515
Bgb7Zw9F5iQ,ok,740
sOnyv1-1-vE,ok,1050
KxoHX8sYYhs,ok,921
-zcvJfUWQ44,ok,321
b4JNmkgFqz8,ok,723
mFlggsPoESg,ok,464
ffaMIeR_a-c,ok,770
wB68O0EKQ3I,ok,958
1yYgh59gjZA,ok,880
NhTxCuFjgPM,ok,936
wzUFre3PcTY,ok,815
2imzcC3os7Y,ok,269
ofxO0iUOlJI,ok,585
lkvdNqVQadA,ok,777
H_QHu_F4Wps,ok,338
bsDjIRFLNbw,ok,458
qosqEAVyY7A,ok,750
e8iKZdFJCAg,ok,798
z4seXRKDUNc,ok,1032
18VkZY3kBbs,ok,740
NzX381uEHoY,ok,839
lNgshCNZjkw,ok,599
BqwaYdg9JZ0,ok,657
te_HgTa7zNk,ok,704
OV9Hu9AFr08,ok,433
M3ZLij6Y8gE,ok,230
-WiW7saUvEw,ok,671
9GzxDry3fWU,ok,902
nNUavgLS7so,ok,677
-_4Zx4uJ38s,ok,662
rgfMr1E0Lok,ok,882
vchAtkDprss,ok,608
zWTVtnQCDbo,ok,850
7Ny4h0iLFtw,ok,1055
DV93bucE4wI,ok,755
vVltV9e-dgQ,ok,362
avLH03zd0oc,ok,560
ZPpehhdJ7uc,ok,959
SQrvdtKQvVM,ok,454
84a1TvBDc7Q,ok,845
rFlPwW5yTGU,ok,1023
ocimJDpG1kQ,ok,961
cYRdhW9esAE,ok,874
AMDFVifvZEA,ok,1158
eec7KaWdRC4,ok,880
jDpUj6q9Mwk,ok,990
S8VTXOkqmRk,ok,935
1bHJwXhjcbo,ok,783
uklISa1FtPI,ok,960
8xM2dP4RMrM,ok,832
KUHSnxBkCpU,ok,992
b-jpSQMmTYc,ok,124
cqrl9gbNA5g,ok,926
UpaMpUIYA9w,ok,1072
81TqHqmjxZ0,ok,845
gHvt7BXdSVI,ok,100
ixCuZrC3aR4,ok,220
58XMq1cY6A8,ok,773
jVmH4aGuuwE,ok,751
7iaQGhIbcbg,no_transcript,0
gZrK_tO1RDM,no_transcript,0
hYGKifM395c,ok,100
ItO-FB-W9WY,ok,892
jw_f_xk3SyA,ok,667
3LBk1mhZTRo,ok,109
eUU-zQ3SGxc,ok,192
YmA3IoCL1P0,ok,115
DpSD1Z_VRgA,ok,116
PAb_qCKtMTc,ok,88
4e5e8Bxd0ns,ok,163
rkI2AzWlDH8,ok,655
QjgwtRn_dto,no_transcript,0
5AVj226ZDzg,ok,591
FdjBA-PFTro,ok,826
2Pe-p0aCBEI,ok,44
j6uWfk6JzVs,ok,22
_j9Qq1PO5iI,ok,65
PP-XWmOT51A,ok,160
ehgqvxLTD3U,ok,774
HmNPKq2XkTw,ok,162
8Q47mF2XaGg,ok,884
bmwYwqOy4Ew,ok,874
jLpf2zuHa6Q,ok,53
dphsujKfND8,ok,141
GVco8OsOFLo,ok,125
QIbe3P5yyF8,ok,127
Fz9IeVktqu8,ok,181
gg44r_0XDpE,ok,923
2u2IuLjyfv0,ok,569
D_6snDHK7-s,ok,91
Lmf_0CBPKWc,ok,912
2DxOVUCUV_k,ok,887
DXQNHuItUNY,ok,102
mh7kG13AcIo,ok,846
k6mdqlJPor0,ok,1071
9cuYR9ZT6vI,ok,837
owEntKZXvkQ,no_transcript,0
EgDJKDMOU0Q,no_transcript,0
s3SDyJkmlp8,ok,944
_4gN_1Z5g5I,no_transcript,0
5Lkkx-ayHfw,ok,599
eCBgMUdiGMU,ok,1003
wKLoJtnIF5o,ok,797
M9qKUx1YPLc,ok,956
MuwMXmE9e1o,ok,907
kW-hn23QH90,ok,947
MyFML7NaVhQ,ok,1014
Fwi_Xt1ynrE,ok,829
oC9wAg-ZICg,ok,888
0T3-yPwDvGc,ok,655
4c3zcXEYB3o,ok,975
Gvb00edsYTs,ok,837
CnBrF9qXqW4,ok,822
aSYq15pQh-U,ok,642
9XSIXKlQ2kk,ok,954
Yyk_UWMVcT8,ok,1021
o3PyY1o5BF8,ok,894
_sZVNVnKyMc,ok,937
e4upX-9v4SY,ok,1013
RoljGw_mqIM,ok,714
-QES1VSzRiM,ok,916
zu3N8bQ-j_w,ok,1139
CMfbFCtGN5Q,ok,946
RgQMF4IVWRY,ok,144
VIscj_L5jwg,ok,817
oEp50WEZITg,ok,890
ocq0drgVrpA,ok,745
MV9WGi9JN5c,ok,421
LU5Hbc1Is2Q,ok,772
sE2hHPtNuAY,ok,994
yg68dCZnn1w,ok,1002
PBi2iDFsePE,no_transcript,0
20lu-jensyw,ok,1072
0J1xbqSrURI,ok,937
cBDgawa2OpI,ok,842
kkUyNmRtsWk,ok,801
IhqYhhWJtxU,ok,1013
G0ntLR2YT4w,ok,568
gf-QhaJxAk0,ok,858
a_KyJVPiGDo,ok,850
ncjwThQnFq4,ok,992
kHE_AYRAYX0,ok,963
UgDqixBtq8o,ok,352
